SEOUL,방콕,direct,17,27,504040
SEOUL,방콕,indirect,17,27,373968
SEOUL,방콕,direct,18,28,466407
SEOUL,방콕,indirect,18,28,387206
SEOUL,방콕,direct,19,29,489455
SEOUL,방콕,indirect,19,29,387206
SEOUL,방콕,direct,20,30,584309
SEOUL,방콕,indirect,20,30,396906
SEOUL,방콕,direct,17,28,493792
SEOUL,방콕,indirect,17,28,373968
SEOUL,방콕,direct,18,29,508108
SEOUL,방콕,indirect,18,29,387206
SEOUL,방콕,direct,19,30,552477
SEOUL,방콕,indirect,19,30,387206
SEOUL,방콕,direct,17,29,541151
SEOUL,방콕,indirect,17,29,373968
SEOUL,방콕,direct,18,30,532885
SEOUL,방콕,indirect,18,30,387206
SEOUL,방콕,direct,17,30,558357
SEOUL,방콕,indirect,17,30,373968
SEOUL,치앙마이,direct,17,27,861194
SEOUL,치앙마이,indirect,17,27,454808
SEOUL,치앙마이,direct,18,28,749543
SEOUL,치앙마이,indirect,18,28,431006
SEOUL,치앙마이,direct,19,29,751939
SEOUL,치앙마이,indirect,19,29,361006
SEOUL,치앙마이,direct,20,30,852112
SEOUL,치앙마이,indirect,20,30,561008
SEOUL,방콕,direct,17,27,504040
SEOUL,방콕,indirect,17,27,373968
SEOUL,방콕,direct,18,28,452307
SEOUL,방콕,indirect,18,28,390170
SEOUL,방콕,direct,19,29,508508
SEOUL,방콕,indirect,19,29,400470
SEOUL,방콕,direct,20,30,584309
SEOUL,방콕,indirect,20,30,396906
SEOUL,방콕,direct,17,28,493792
SEOUL,방콕,indirect,17,28,373968
SEOUL,방콕,direct,18,29,508108
SEOUL,방콕,indirect,18,29,390170
SEOUL,방콕,direct,19,30,574809
SEOUL,방콕,indirect,19,30,400470
SEOUL,방콕,direct,17,29,504040
SEOUL,방콕,indirect,17,29,373968
SEOUL,방콕,direct,18,30,528175
SEOUL,방콕,indirect,18,30,390170
SEOUL,방콕,direct,17,30,563880
SEOUL,방콕,indirect,17,30,373968
SEOUL,치앙마이,indirect,17,27,454808
SEOUL,치앙마이,indirect,18,28,431006
SEOUL,치앙마이,indirect,19,29,361006
SEOUL,치앙마이,indirect,20,30,561008
SEOUL,치앙마이,indirect,17,28,454808
SEOUL,치앙마이,indirect,18,29,431006
SEOUL,치앙마이,indirect,19,30,361006
SEOUL,치앙마이,indirect,17,29,454808
SEOUL,치앙마이,indirect,18,30,431006
SEOUL,치앙마이,indirect,17,30,454808
SEOUL,하노이,direct,17,27,327255
SEOUL,하노이,indirect,17,27,256704
SEOUL,하노이,direct,18,28,293612
SEOUL,하노이,indirect,18,28,243844
SEOUL,하노이,direct,19,29,297456
SEOUL,하노이,indirect,19,29,247470
SEOUL,하노이,direct,20,30,342446
SEOUL,하노이,indirect,20,30,263572
SEOUL,하노이,direct,17,28,302338
SEOUL,하노이,indirect,17,28,256704
SEOUL,하노이,direct,18,29,294793
SEOUL,하노이,indirect,18,29,243844
SEOUL,하노이,direct,19,30,342105
SEOUL,하노이,indirect,19,30,247470
SEOUL,하노이,direct,17,29,326578
SEOUL,하노이,indirect,17,29,256704
SEOUL,하노이,direct,18,30,278423
SEOUL,하노이,indirect,18,30,243844
SEOUL,하노이,direct,17,30,356727
SEOUL,하노이,indirect,17,30,256704
SEOUL,하이퐁,direct,17,27,315895
SEOUL,하이퐁,direct,18,28,293436
SEOUL,하이퐁,direct,19,29,375249
SEOUL,하이퐁,direct,20,30,369249
SEOUL,하이퐁,direct,17,28,299895
SEOUL,하이퐁,direct,18,29,289032
SEOUL,하이퐁,direct,19,30,358249
SEOUL,하이퐁,direct,17,29,332895
SEOUL,하이퐁,direct,18,30,325248
SEOUL,하이퐁,direct,17,30,315895
SEOUL,양곤,indirect,17,27,571856
SEOUL,양곤,indirect,18,28,498398
SEOUL,양곤,indirect,19,29,537404
SEOUL,양곤,indirect,20,30,602610
SEOUL,양곤,indirect,17,28,571856
SEOUL,양곤,indirect,18,29,498398
SEOUL,양곤,indirect,19,30,537404
SEOUL,양곤,indirect,17,29,571856
SEOUL,양곤,indirect,18,30,498398
SEOUL,양곤,indirect,17,30,571856
SEOUL,PHNOMPEHN,direct,17,27,662310
SEOUL,PHNOMPEHN,indirect,17,27,300106
SEOUL,PHNOMPEHN,direct,18,28,555967
SEOUL,PHNOMPEHN,indirect,18,28,339228
SEOUL,PHNOMPEHN,direct,20,30,593627
SEOUL,PHNOMPEHN,indirect,20,30,338728
SEOUL,PHNOMPEHN,direct,17,28,555967
SEOUL,PHNOMPEHN,indirect,17,28,300106
SEOUL,PHNOMPEHN,direct,19,30,579626
SEOUL,PHNOMPEHN,indirect,19,30,337496
SEOUL,PHNOMPEHN,direct,17,29,596313
SEOUL,PHNOMPEHN,indirect,17,29,300106
SEOUL,PHNOMPEHN,direct,17,30,591911
SEOUL,PHNOMPEHN,indirect,17,30,300106
SEOUL,Natra,indirect,17,27,290306
SEOUL,Natra,direct,18,28,310986
SEOUL,Natra,indirect,18,28,232628
SEOUL,Natra,direct,19,29,340597
SEOUL,Natra,indirect,19,29,266234
SEOUL,Natra,indirect,17,28,290306
SEOUL,Natra,direct,18,29,358893
SEOUL,Natra,indirect,18,29,232628
SEOUL,Natra,indirect,19,30,266234
SEOUL,Laos,direct,17,27,375906
SEOUL,Laos,indirect,17,27,251504
SEOUL,Laos,direct,18,28,397177
SEOUL,Laos,indirect,18,28,307206
SEOUL,Laos,direct,19,29,352332
SEOUL,Laos,indirect,19,29,307206
SEOUL,Laos,direct,20,30,419668
SEOUL,Laos,indirect,20,30,347206
SEOUL,Laos,direct,17,28,401460
SEOUL,Laos,indirect,17,28,251504
SEOUL,Laos,direct,18,29,373406
SEOUL,Laos,indirect,18,29,307206
SEOUL,Laos,direct,19,30,404407
SEOUL,Laos,indirect,19,30,307206
SEOUL,Laos,direct,17,29,392507
SEOUL,Laos,indirect,17,29,251504
SEOUL,Laos,direct,18,30,426617
SEOUL,Laos,indirect,18,30,307206
SEOUL,Laos,direct,17,30,412665
SEOUL,Laos,indirect,17,30,251504
SEOUL,luanprabang,indirect,17,27,363580
SEOUL,luanprabang,indirect,20,30,360198
SEOUL,luanprabang,indirect,17,29,363580
BUSAN,방콕,direct,17,27,507043
BUSAN,방콕,indirect,17,27,313874
BUSAN,방콕,direct,18,28,484507
BUSAN,방콕,indirect,18,28,313874
BUSAN,방콕,direct,19,29,484507
BUSAN,방콕,indirect,19,29,313874
BUSAN,방콕,direct,20,30,609752
BUSAN,방콕,indirect,20,30,362502
BUSAN,방콕,direct,17,28,507758
BUSAN,방콕,indirect,17,28,313874
BUSAN,방콕,direct,18,29,484507
BUSAN,방콕,indirect,18,29,313874
BUSAN,방콕,direct,19,30,438163
BUSAN,방콕,indirect,19,30,313874
BUSAN,방콕,direct,17,29,508446
BUSAN,방콕,indirect,17,29,313874
BUSAN,방콕,direct,17,30,607129
BUSAN,방콕,indirect,17,30,313874
BUSAN,치앙마이,indirect,17,27,608188
BUSAN,치앙마이,indirect,18,28,362096
BUSAN,치앙마이,indirect,17,28,608188
BUSAN,치앙마이,indirect,19,30,402906
BUSAN,치앙마이,indirect,17,30,608188
BUSAN,하노이,direct,17,27,294098
BUSAN,하노이,indirect,17,27,240388
BUSAN,하노이,direct,18,28,536194
BUSAN,하노이,indirect,18,28,270388
BUSAN,하노이,direct,19,29,310655
BUSAN,하노이,indirect,19,29,286388
BUSAN,하노이,direct,20,30,337219
BUSAN,하노이,indirect,20,30,366390
BUSAN,하노이,indirect,17,28,240388
BUSAN,하노이,direct,18,29,327202
BUSAN,하노이,indirect,18,29,270388
BUSAN,하노이,direct,19,30,299022
BUSAN,하노이,indirect,19,30,286388
BUSAN,하노이,direct,17,29,312202
BUSAN,하노이,indirect,17,29,240388
BUSAN,하노이,direct,18,30,297164
BUSAN,하노이,indirect,18,30,270388
BUSAN,하노이,direct,17,30,272445
BUSAN,하노이,indirect,17,30,240388
BUSAN,양곤,indirect,17,27,432818
BUSAN,양곤,indirect,20,30,375278
BUSAN,양곤,indirect,17,28,432818
BUSAN,양곤,indirect,19,30,374718
BUSAN,양곤,indirect,17,30,432818
BUSAN,PHNOMPEHN,indirect,18,29,382360
BUSAN,Natra,indirect,20,30,439136
BUSAN,Natra,indirect,17,28,370406
BUSAN,Laos,direct,17,27,410578
BUSAN,Laos,indirect,17,27,361270
BUSAN,Laos,direct,17,28,521819
BUSAN,Laos,indirect,17,28,361270
BUSAN,Laos,indirect,18,30,361790
SEOUL,방콕,direct,17,27,504040
SEOUL,방콕,indirect,17,27,373968
SEOUL,방콕,direct,17,27,504040
SEOUL,방콕,indirect,17,27,373968
SEOUL,방콕,direct,18,28,466407
SEOUL,방콕,indirect,18,28,387206
SEOUL,방콕,direct,19,29,489455
SEOUL,방콕,indirect,19,29,387206
SEOUL,방콕,direct,20,30,584309
SEOUL,방콕,indirect,20,30,396906
SEOUL,방콕,direct,17,28,493792
SEOUL,방콕,indirect,17,28,373968
SEOUL,방콕,direct,18,29,508108
SEOUL,방콕,indirect,18,29,387206
SEOUL,방콕,direct,19,30,552477
SEOUL,방콕,indirect,19,30,387206
SEOUL,방콕,direct,17,29,541151
SEOUL,방콕,indirect,17,29,373968
SEOUL,방콕,direct,18,30,532885
SEOUL,방콕,indirect,18,30,387206
SEOUL,방콕,direct,17,30,558357
SEOUL,방콕,indirect,17,30,373968
SEOUL,치앙마이,indirect,17,27,454808
SEOUL,치앙마이,indirect,18,28,431006
SEOUL,치앙마이,indirect,19,29,361006
SEOUL,치앙마이,indirect,20,30,561008
SEOUL,치앙마이,indirect,17,28,454808
SEOUL,방콕,direct,17,27,504040
SEOUL,방콕,indirect,17,27,373968
SEOUL,방콕,direct,18,28,466407
SEOUL,방콕,indirect,18,28,387206
SEOUL,방콕,direct,19,29,489455
SEOUL,방콕,indirect,19,29,387206
SEOUL,방콕,direct,20,30,584309
SEOUL,방콕,indirect,20,30,396906
SEOUL,방콕,direct,17,28,493792
SEOUL,방콕,indirect,17,28,373968
SEOUL,방콕,direct,18,29,508108
SEOUL,방콕,indirect,18,29,387206
SEOUL,방콕,direct,19,30,552477
SEOUL,방콕,indirect,19,30,387206
SEOUL,방콕,direct,17,29,541151
SEOUL,방콕,indirect,17,29,373968
SEOUL,방콕,direct,18,30,532885
SEOUL,방콕,indirect,18,30,387206
SEOUL,방콕,direct,17,30,558357
SEOUL,방콕,indirect,17,30,373968
SEOUL,치앙마이,indirect,17,27,454808
SEOUL,치앙마이,indirect,18,28,431006
SEOUL,치앙마이,indirect,19,29,361006
SEOUL,치앙마이,indirect,20,30,561008
SEOUL,치앙마이,indirect,17,28,454808
SEOUL,치앙마이,indirect,18,29,431006
SEOUL,치앙마이,indirect,19,30,361006
SEOUL,치앙마이,indirect,17,29,454808
SEOUL,치앙마이,indirect,18,30,431006
SEOUL,치앙마이,indirect,17,30,454808
SEOUL,DENPAS,indirect,17,27,647324
SEOUL,DENPAS,indirect,18,28,561116
SEOUL,DENPAS,indirect,19,29,605118
SEOUL,DENPAS,indirect,20,30,605118
SEOUL,DENPAS,indirect,17,28,647324
SEOUL,DENPAS,indirect,18,29,561116
SEOUL,DENPAS,indirect,19,30,605118
SEOUL,DENPAS,indirect,17,29,647324
SEOUL,DENPAS,indirect,18,30,561116
SEOUL,DENPAS,indirect,17,30,647324
BUSAN,DENPAS,indirect,17,27,396504
BUSAN,DENPAS,indirect,18,28,400788
BUSAN,DENPAS,indirect,18,29,400788
SEOUL,DENPAS,indirect,17,27,647324
SEOUL,DENPAS,indirect,18,28,561116
SEOUL,DENPAS,indirect,19,29,605118
SEOUL,DENPAS,indirect,20,30,605118
SEOUL,DENPAS,indirect,17,28,647324
SEOUL,DENPAS,indirect,18,29,561116
SEOUL,DENPAS,indirect,19,30,605118
SEOUL,DENPAS,indirect,17,29,647324
SEOUL,DENPAS,indirect,18,30,561116
SEOUL,DENPAS,indirect,17,30,647324
SEOUL,DENPAS,indirect,17,27,647324
SEOUL,DENPAS,indirect,18,28,561116
SEOUL,DENPAS,indirect,19,29,605118
SEOUL,DENPAS,indirect,20,30,605118
SEOUL,DENPAS,indirect,17,28,647324
SEOUL,DENPAS,indirect,18,29,561116
SEOUL,DENPAS,indirect,19,30,605118
SEOUL,DENPAS,indirect,17,29,647324
SEOUL,DENPAS,indirect,18,30,561116
SEOUL,DENPAS,indirect,17,30,647324
SEOUL,DENPAS,indirect,17,27,645810
SEOUL,DENPAS,indirect,18,28,561116
SEOUL,DENPAS,indirect,19,29,605118
SEOUL,DENPAS,indirect,20,30,605118
SEOUL,DENPAS,indirect,17,28,645810
SEOUL,DENPAS,indirect,18,29,561116
SEOUL,DENPAS,indirect,19,30,605118
SEOUL,DENPAS,indirect,17,29,645810
SEOUL,DENPAS,indirect,18,30,561116
SEOUL,DENPAS,indirect,17,30,645810
SEOUL,DENPAS,indirect,17,27,647324
SEOUL,DENPAS,indirect,18,28,561116
SEOUL,DENPAS,indirect,19,29,605118
SEOUL,DENPAS,indirect,20,30,605118
SEOUL,DENPAS,indirect,17,28,647324
SEOUL,DENPAS,indirect,18,29,561116
SEOUL,DENPAS,indirect,19,30,605118
SEOUL,DENPAS,indirect,17,29,647324
SEOUL,DENPAS,indirect,18,30,561116
SEOUL,DENPAS,indirect,17,30,647324
SEOUL,DENPAS,indirect,17,27,645810
SEOUL,DENPAS,indirect,18,28,561116
SEOUL,DENPAS,indirect,19,29,605118
SEOUL,DENPAS,indirect,20,30,605118
SEOUL,DENPAS,indirect,17,28,645810
SEOUL,DENPAS,indirect,18,29,561116
SEOUL,DENPAS,indirect,19,30,605118
SEOUL,DENPAS,indirect,17,29,645810
SEOUL,DENPAS,indirect,18,30,561116
SEOUL,DENPAS,indirect,17,30,645810
SEOUL,DENPAS,indirect,17,27,647324
SEOUL,DENPAS,indirect,18,28,561116
SEOUL,DENPAS,indirect,19,29,605118
SEOUL,DENPAS,indirect,20,30,605118
SEOUL,DENPAS,indirect,17,28,647324
SEOUL,DENPAS,indirect,18,29,561116
SEOUL,DENPAS,indirect,19,30,605118
SEOUL,DENPAS,indirect,17,29,647324
SEOUL,DENPAS,indirect,18,30,561116
SEOUL,DENPAS,indirect,17,30,647324
SEOUL,DENPAS,indirect,17,27,645810
SEOUL,DENPAS,indirect,18,28,561116
SEOUL,DENPAS,indirect,19,29,605118
SEOUL,DENPAS,indirect,20,30,605118
SEOUL,DENPAS,indirect,17,28,645810
SEOUL,DENPAS,indirect,18,29,561116
SEOUL,DENPAS,indirect,19,30,605118
SEOUL,DENPAS,indirect,17,29,645810
SEOUL,DENPAS,indirect,18,30,561116
SEOUL,DENPAS,indirect,17,30,645810
BUSAN,DENPAS,indirect,17,27,396504
BUSAN,DENPAS,indirect,18,28,396138
BUSAN,DENPAS,indirect,18,29,396138
SEOUL,DENPAS,indirect,17,27,645810
SEOUL,DENPAS,indirect,18,28,561116
SEOUL,DENPAS,indirect,19,29,605118
SEOUL,DENPAS,indirect,20,30,605118
SEOUL,DENPAS,indirect,17,28,645810
SEOUL,DENPAS,indirect,18,29,561116
SEOUL,DENPAS,indirect,19,30,605118
SEOUL,DENPAS,indirect,17,29,645810
SEOUL,DENPAS,indirect,18,30,561116
SEOUL,DENPAS,indirect,17,30,645810
BUSAN,DENPAS,indirect,17,27,396504
BUSAN,DENPAS,indirect,18,28,396138
BUSAN,DENPAS,indirect,18,29,396138
SEOUL,DENPAS,indirect,17,27,647324
SEOUL,DENPAS,indirect,18,28,561116
SEOUL,DENPAS,indirect,19,29,605118
SEOUL,DENPAS,indirect,20,30,605118
SEOUL,DENPAS,indirect,17,28,647324
SEOUL,DENPAS,indirect,18,29,561116
SEOUL,DENPAS,indirect,19,30,605118
SEOUL,DENPAS,indirect,17,29,647324
SEOUL,DENPAS,indirect,18,30,561116
SEOUL,DENPAS,indirect,17,30,647324
BUSAN,DENPAS,indirect,17,27,396504
BUSAN,DENPAS,indirect,18,28,400788
BUSAN,DENPAS,indirect,18,29,400788
SEOUL,DENPAS,indirect,17,27,645810
SEOUL,DENPAS,indirect,18,28,561116
SEOUL,DENPAS,indirect,19,29,605118
SEOUL,DENPAS,indirect,20,30,605118
SEOUL,DENPAS,indirect,17,28,645810
SEOUL,DENPAS,indirect,18,29,561116
SEOUL,DENPAS,indirect,19,30,605118
SEOUL,DENPAS,indirect,17,29,645810
SEOUL,DENPAS,indirect,18,30,561116
SEOUL,DENPAS,indirect,17,30,645810
BUSAN,DENPAS,indirect,17,27,396504
BUSAN,DENPAS,indirect,18,28,396138
BUSAN,DENPAS,indirect,18,29,396138
SEOUL,DENPAS,indirect,17,27,645810
SEOUL,DENPAS,indirect,18,28,561116
SEOUL,DENPAS,indirect,19,29,606536
SEOUL,DENPAS,indirect,20,30,605118
SEOUL,DENPAS,indirect,17,28,645810
SEOUL,DENPAS,indirect,18,29,561116
SEOUL,DENPAS,indirect,19,30,606536
SEOUL,DENPAS,indirect,17,29,645810
SEOUL,DENPAS,indirect,18,30,561116
SEOUL,DENPAS,indirect,17,30,645810
BUSAN,DENPAS,indirect,17,27,396504
BUSAN,DENPAS,indirect,18,29,397624
SEOUL,DENPAS,indirect,17,27,645810
SEOUL,DENPAS,indirect,18,28,561116
SEOUL,DENPAS,indirect,19,29,606536
SEOUL,DENPAS,indirect,20,30,605118
SEOUL,DENPAS,indirect,17,28,645810
SEOUL,DENPAS,indirect,18,29,561116
SEOUL,DENPAS,indirect,19,30,606536
SEOUL,DENPAS,indirect,17,29,645810
SEOUL,DENPAS,indirect,18,30,561116
SEOUL,DENPAS,indirect,17,30,645810
BUSAN,DENPAS,indirect,17,27,396504
BUSAN,DENPAS,indirect,18,29,397624
SEOUL,시드니,indirect,17,28,11,736722
SEOUL,시드니,indirect,19,30,11,736722
SEOUL,시드니,indirect,17,29,12,736722
SEOUL,시드니,indirect,17,30,13,736722
BUSAN,시드니,indirect,17,28,11,651242
SEOUL,시드니,indirect,17,28,11,736722
SEOUL,시드니,indirect,19,30,11,736722
SEOUL,시드니,indirect,17,29,12,736722
SEOUL,시드니,indirect,17,30,13,736722
BUSAN,시드니,indirect,17,28,11,651242
SEOUL,DENPAS,indirect,17,27,10,645810
SEOUL,DENPAS,indirect,18,28,10,561116
SEOUL,DENPAS,indirect,19,29,10,605118
SEOUL,DENPAS,indirect,20,30,10,605118
SEOUL,DENPAS,indirect,17,28,11,645810
SEOUL,DENPAS,indirect,18,29,11,561116
SEOUL,DENPAS,indirect,19,30,11,605118
SEOUL,DENPAS,indirect,17,29,12,645810
SEOUL,DENPAS,indirect,18,30,12,561116
SEOUL,DENPAS,indirect,17,30,13,645810
SEOUL,방콕,direct,17,27,10,504040
SEOUL,방콕,indirect,17,27,10,372664
SEOUL,방콕,direct,18,28,10,452307
SEOUL,방콕,indirect,18,28,10,387206
SEOUL,방콕,direct,19,29,10,519708
SEOUL,방콕,indirect,19,29,10,387206
SEOUL,방콕,direct,20,30,10,584309
SEOUL,방콕,indirect,20,30,10,715952
SEOUL,방콕,direct,17,28,11,490471
SEOUL,방콕,indirect,17,28,11,372664
SEOUL,방콕,direct,18,29,11,519708
SEOUL,방콕,indirect,18,29,11,387206
SEOUL,방콕,direct,19,30,11,490033
SEOUL,방콕,indirect,19,30,11,387206
SEOUL,방콕,direct,17,29,12,547009
SEOUL,방콕,indirect,17,29,12,372664
SEOUL,방콕,direct,18,30,12,530791
SEOUL,방콕,indirect,18,30,12,387206
SEOUL,방콕,direct,17,30,13,564128
SEOUL,방콕,indirect,17,30,13,372664
SEOUL,치앙마이,indirect,17,27,10,454808
SEOUL,치앙마이,indirect,18,28,10,431006
SEOUL,치앙마이,indirect,19,29,10,361006
SEOUL,치앙마이,indirect,20,30,10,561008
SEOUL,치앙마이,indirect,17,28,11,454808
SEOUL,치앙마이,indirect,18,29,11,431006
SEOUL,치앙마이,indirect,19,30,11,361006
SEOUL,치앙마이,indirect,17,29,12,454808
SEOUL,치앙마이,indirect,18,30,12,431006
SEOUL,치앙마이,indirect,17,30,13,454808
SEOUL,하노이,direct,17,27,10,327255
SEOUL,하노이,indirect,17,27,10,256704
SEOUL,하노이,direct,18,28,10,293612
SEOUL,하노이,indirect,18,28,10,243844
SEOUL,하노이,direct,19,29,10,297456
SEOUL,하노이,indirect,19,29,10,247470
SEOUL,하노이,direct,20,30,10,298474
SEOUL,하노이,indirect,20,30,10,246286
SEOUL,하노이,direct,17,28,11,294838
SEOUL,하노이,indirect,17,28,11,256704
SEOUL,하노이,direct,18,29,11,294793
SEOUL,하노이,indirect,18,29,11,243844
SEOUL,하노이,direct,19,30,11,342847
SEOUL,하노이,indirect,19,30,11,247470
SEOUL,하노이,direct,17,29,12,326578
SEOUL,하노이,indirect,17,29,12,256704
SEOUL,하노이,direct,18,30,12,278423
SEOUL,하노이,indirect,18,30,12,243844
SEOUL,하노이,direct,17,30,13,348290
SEOUL,하노이,indirect,17,30,13,256704
SEOUL,하이퐁,direct,17,27,10,315895
SEOUL,하이퐁,direct,18,28,10,275731
SEOUL,하이퐁,direct,19,29,10,375249
SEOUL,하이퐁,direct,20,30,10,342249
SEOUL,하이퐁,direct,17,28,11,299895
SEOUL,하이퐁,direct,18,29,11,289032
SEOUL,하이퐁,direct,19,30,11,358249
SEOUL,하이퐁,direct,17,29,12,332895
SEOUL,하이퐁,direct,18,30,12,325248
SEOUL,하이퐁,direct,17,30,13,315895
SEOUL,양곤,indirect,17,27,10,571856
SEOUL,양곤,indirect,18,28,10,498398
SEOUL,양곤,indirect,19,29,10,537404
SEOUL,양곤,indirect,20,30,10,602610
SEOUL,양곤,indirect,17,28,11,571856
SEOUL,양곤,indirect,18,29,11,498398
SEOUL,양곤,indirect,19,30,11,537404
SEOUL,양곤,indirect,17,29,12,571856
SEOUL,양곤,indirect,18,30,12,498398
SEOUL,양곤,indirect,17,30,13,571856
SEOUL,PHNOMPEHN,direct,17,27,10,612241
SEOUL,PHNOMPEHN,indirect,17,27,10,300106
SEOUL,PHNOMPEHN,direct,18,28,10,555967
SEOUL,PHNOMPEHN,indirect,18,28,10,338464
SEOUL,PHNOMPEHN,direct,20,30,10,647637
SEOUL,PHNOMPEHN,indirect,20,30,10,352182
SEOUL,PHNOMPEHN,direct,17,28,11,555967
SEOUL,PHNOMPEHN,indirect,17,28,11,300106
SEOUL,PHNOMPEHN,direct,19,30,11,572381
SEOUL,PHNOMPEHN,indirect,19,30,11,339294
SEOUL,PHNOMPEHN,direct,17,29,12,583271
SEOUL,PHNOMPEHN,indirect,17,29,12,300106
SEOUL,PHNOMPEHN,direct,17,30,13,591911
SEOUL,PHNOMPEHN,indirect,17,30,13,300106
SEOUL,Natra,indirect,17,27,10,290306
SEOUL,Natra,direct,18,28,10,310986
SEOUL,Natra,indirect,18,28,10,232628
SEOUL,Natra,direct,19,29,10,340597
SEOUL,Natra,indirect,19,29,10,266234
SEOUL,Natra,indirect,17,28,11,290306
SEOUL,Natra,direct,18,29,11,358893
SEOUL,Natra,indirect,18,29,11,232628
SEOUL,Natra,indirect,19,30,11,266234
SEOUL,Laos,direct,17,27,10,375906
SEOUL,Laos,indirect,17,27,10,251504
SEOUL,Laos,direct,18,28,10,384323
SEOUL,Laos,indirect,18,28,10,307206
SEOUL,Laos,direct,19,29,10,352332
SEOUL,Laos,indirect,19,29,10,307206
SEOUL,Laos,direct,20,30,10,433721
SEOUL,Laos,indirect,20,30,10,347206
SEOUL,Laos,direct,17,28,11,394092
SEOUL,Laos,indirect,17,28,11,251504
SEOUL,Laos,direct,18,29,11,373406
SEOUL,Laos,indirect,18,29,11,307206
SEOUL,Laos,direct,19,30,11,404407
SEOUL,Laos,indirect,19,30,11,307206
SEOUL,Laos,direct,17,29,12,391720
SEOUL,Laos,indirect,17,29,12,251504
SEOUL,Laos,direct,18,30,12,399406
SEOUL,Laos,indirect,18,30,12,307206
SEOUL,Laos,direct,17,30,13,412665
SEOUL,Laos,indirect,17,30,13,251504
SEOUL,luanprabang,indirect,17,27,10,363580
SEOUL,luanprabang,indirect,20,30,10,360198
SEOUL,luanprabang,indirect,17,29,12,363580
SEOUL,세부,direct,17,27,10,270481
SEOUL,세부,indirect,17,27,10,340006
SEOUL,세부,direct,18,28,10,303005
SEOUL,세부,indirect,18,28,10,292006
SEOUL,세부,direct,19,29,10,278456
SEOUL,세부,indirect,19,29,10,268278
SEOUL,세부,direct,20,30,10,468452
SEOUL,세부,indirect,20,30,10,369352
SEOUL,세부,direct,17,28,11,327005
SEOUL,세부,indirect,17,28,11,340006
SEOUL,세부,direct,18,29,11,303005
SEOUL,세부,indirect,18,29,11,292006
SEOUL,세부,direct,19,30,11,305519
SEOUL,세부,indirect,19,30,11,268278
SEOUL,세부,direct,17,29,12,327005
SEOUL,세부,indirect,17,29,12,340006
SEOUL,세부,direct,18,30,12,327028
SEOUL,세부,indirect,18,30,12,292006
SEOUL,세부,direct,17,30,13,437006
SEOUL,세부,indirect,17,30,13,340006
SEOUL,보라카이,direct,17,27,10,435206
SEOUL,보라카이,indirect,17,27,10,391678
SEOUL,보라카이,direct,18,28,10,395746
SEOUL,보라카이,indirect,18,28,10,361058
SEOUL,보라카이,direct,19,29,10,465207
SEOUL,보라카이,indirect,19,29,10,311994
SEOUL,보라카이,direct,20,30,10,445207
SEOUL,보라카이,indirect,20,30,10,373206
SEOUL,보라카이,direct,17,28,11,420746
SEOUL,보라카이,indirect,17,28,11,391678
SEOUL,보라카이,direct,18,29,11,465207
SEOUL,보라카이,indirect,18,29,11,361058
SEOUL,보라카이,direct,19,30,11,406297
SEOUL,보라카이,indirect,19,30,11,311994
SEOUL,보라카이,direct,17,29,12,490207
SEOUL,보라카이,indirect,17,29,12,391678
SEOUL,보라카이,direct,18,30,12,432349
SEOUL,보라카이,indirect,18,30,12,361058
SEOUL,보라카이,direct,17,30,13,428089
SEOUL,보라카이,indirect,17,30,13,391678
SEOUL,뉴욕,indirect,18,30,12,698548
SEOUL,로스엔젤레스,indirect,17,27,10,514974
SEOUL,로스엔젤레스,indirect,18,28,10,521272
SEOUL,로스엔젤레스,indirect,19,29,10,523222
SEOUL,로스엔젤레스,indirect,20,30,10,528030
SEOUL,로스엔젤레스,indirect,18,29,11,521272
SEOUL,로스엔젤레스,indirect,19,30,11,523222
SEOUL,로스엔젤레스,indirect,17,29,12,514974
SEOUL,로스엔젤레스,indirect,18,30,12,521272
SEOUL,시드니,indirect,17,28,11,736722
SEOUL,시드니,indirect,19,30,11,736722
SEOUL,시드니,indirect,17,29,12,736722
SEOUL,시드니,indirect,17,30,13,736722
BUSAN,DENPAS,indirect,17,27,10,396504
BUSAN,DENPAS,indirect,18,28,10,396138
BUSAN,DENPAS,indirect,18,29,11,396138
BUSAN,방콕,direct,17,27,10,504920
BUSAN,방콕,indirect,17,27,10,313874
BUSAN,방콕,direct,18,28,10,484507
BUSAN,방콕,indirect,18,28,10,313874
BUSAN,방콕,direct,19,29,10,484507
BUSAN,방콕,indirect,19,29,10,313874
BUSAN,방콕,direct,20,30,10,609752
BUSAN,방콕,indirect,20,30,10,362502
BUSAN,방콕,direct,17,28,11,507758
BUSAN,방콕,indirect,17,28,11,313874
BUSAN,방콕,direct,18,29,11,482507
BUSAN,방콕,indirect,18,29,11,313874
BUSAN,방콕,direct,19,30,11,444360
BUSAN,방콕,indirect,19,30,11,313874
BUSAN,방콕,direct,17,29,12,516768
BUSAN,방콕,indirect,17,29,12,313874
BUSAN,방콕,direct,17,30,13,607129
BUSAN,방콕,indirect,17,30,13,313874
BUSAN,치앙마이,indirect,17,27,10,647630
BUSAN,치앙마이,indirect,18,28,10,362502
BUSAN,치앙마이,indirect,17,28,11,647630
BUSAN,치앙마이,indirect,19,30,11,402906
BUSAN,치앙마이,indirect,18,30,12,362502
BUSAN,치앙마이,indirect,17,30,13,647630
BUSAN,하노이,direct,17,27,10,297669
BUSAN,하노이,indirect,17,27,10,240388
BUSAN,하노이,direct,18,28,10,536194
BUSAN,하노이,indirect,18,28,10,270388
BUSAN,하노이,direct,19,29,10,310374
BUSAN,하노이,indirect,19,29,10,286388
BUSAN,하노이,direct,20,30,10,350741
BUSAN,하노이,indirect,20,30,10,366390
BUSAN,하노이,indirect,17,28,11,240388
BUSAN,하노이,direct,18,29,11,327202
BUSAN,하노이,indirect,18,29,11,270388
BUSAN,하노이,direct,19,30,11,299022
BUSAN,하노이,indirect,19,30,11,286388
BUSAN,하노이,direct,17,29,12,312202
BUSAN,하노이,indirect,17,29,12,240388
BUSAN,하노이,direct,18,30,12,286725
BUSAN,하노이,indirect,18,30,12,270388
BUSAN,하노이,direct,17,30,13,272445
BUSAN,하노이,indirect,17,30,13,240388
BUSAN,양곤,indirect,17,27,10,432818
BUSAN,양곤,indirect,20,30,10,375278
BUSAN,양곤,indirect,17,28,11,432818
BUSAN,양곤,indirect,19,30,11,374718
BUSAN,양곤,indirect,17,30,13,432818
BUSAN,PHNOMPEHN,indirect,18,29,11,382360
BUSAN,Natra,indirect,20,30,10,439136
BUSAN,Natra,indirect,17,28,11,370406
BUSAN,Laos,direct,17,27,10,410578
BUSAN,Laos,indirect,17,27,10,361270
BUSAN,Laos,direct,17,28,11,521819
BUSAN,Laos,indirect,17,28,11,361270
BUSAN,Laos,indirect,18,30,12,361790
BUSAN,세부,direct,17,27,10,299441
BUSAN,세부,indirect,17,27,10,277454
BUSAN,세부,indirect,18,28,10,306706
BUSAN,세부,direct,20,30,10,421379
BUSAN,세부,indirect,20,30,10,306706
BUSAN,세부,direct,17,28,11,314189
BUSAN,세부,indirect,17,28,11,277454
BUSAN,보라카이,direct,17,27,10,353628
BUSAN,보라카이,indirect,17,27,10,333062
BUSAN,보라카이,indirect,18,28,10,363712
BUSAN,보라카이,direct,20,30,10,350666
BUSAN,보라카이,indirect,20,30,10,394128
BUSAN,보라카이,direct,17,28,11,398747
BUSAN,보라카이,indirect,17,28,11,333062
BUSAN,보라카이,indirect,18,29,11,363712
BUSAN,보라카이,direct,17,30,13,330205
BUSAN,보라카이,indirect,17,30,13,333062
BUSAN,로스엔젤레스,indirect,18,29,11,528708
BUSAN,시드니,indirect,17,28,11,651242
SEOUL,DENPAS,indirect,17,27,10,645810
SEOUL,DENPAS,indirect,18,28,10,561116
SEOUL,DENPAS,indirect,19,29,10,605118
SEOUL,DENPAS,indirect,20,30,10,605118
SEOUL,DENPAS,indirect,17,28,11,645810
SEOUL,DENPAS,indirect,18,29,11,561116
SEOUL,DENPAS,indirect,19,30,11,605118
SEOUL,DENPAS,indirect,17,29,12,645810
SEOUL,DENPAS,indirect,18,30,12,561116
SEOUL,DENPAS,indirect,17,30,13,645810
SEOUL,DENPAS,indirect,17,27,10,645810
SEOUL,DENPAS,indirect,18,28,10,561116
SEOUL,DENPAS,indirect,19,29,10,605118
SEOUL,DENPAS,indirect,20,30,10,605118
SEOUL,DENPAS,indirect,17,28,11,645810
SEOUL,DENPAS,indirect,18,29,11,561116
SEOUL,DENPAS,indirect,19,30,11,605118
SEOUL,DENPAS,indirect,17,29,12,645810
SEOUL,DENPAS,indirect,18,30,12,561116
SEOUL,DENPAS,indirect,17,30,13,645810
SEOUL,방콕,direct,17,27,10,504040
SEOUL,방콕,indirect,17,27,10,372664
SEOUL,방콕,direct,18,28,10,452307
SEOUL,방콕,indirect,18,28,10,387206
SEOUL,방콕,direct,19,29,10,519708
SEOUL,방콕,indirect,19,29,10,387206
SEOUL,방콕,direct,20,30,10,584309
SEOUL,방콕,indirect,20,30,10,715952
SEOUL,방콕,direct,17,28,11,490471
SEOUL,방콕,indirect,17,28,11,372664
SEOUL,방콕,direct,18,29,11,519708
SEOUL,방콕,indirect,18,29,11,387206
SEOUL,방콕,direct,19,30,11,490033
SEOUL,방콕,indirect,19,30,11,387206
SEOUL,방콕,direct,17,29,12,547009
SEOUL,방콕,indirect,17,29,12,372664
SEOUL,방콕,direct,18,30,12,530791
SEOUL,방콕,indirect,18,30,12,387206
SEOUL,방콕,direct,17,30,13,564128
SEOUL,방콕,indirect,17,30,13,372664
SEOUL,치앙마이,indirect,17,27,10,454808
SEOUL,치앙마이,indirect,18,28,10,431006
SEOUL,치앙마이,indirect,19,29,10,361006
SEOUL,치앙마이,indirect,20,30,10,561008
SEOUL,치앙마이,indirect,17,28,11,454808
SEOUL,치앙마이,indirect,18,29,11,431006
SEOUL,치앙마이,indirect,19,30,11,361006
SEOUL,치앙마이,indirect,17,29,12,454808
SEOUL,치앙마이,indirect,18,30,12,431006
SEOUL,치앙마이,indirect,17,30,13,454808
SEOUL,하노이,direct,17,27,10,327255
SEOUL,하노이,indirect,17,27,10,256704
SEOUL,하노이,direct,18,28,10,293612
SEOUL,하노이,indirect,18,28,10,243844
SEOUL,하노이,direct,19,29,10,297456
SEOUL,하노이,indirect,19,29,10,247470
SEOUL,하노이,direct,20,30,10,298474
SEOUL,하노이,indirect,20,30,10,246286
SEOUL,하노이,direct,17,28,11,294838
SEOUL,하노이,indirect,17,28,11,256704
SEOUL,하노이,direct,18,29,11,294793
SEOUL,하노이,indirect,18,29,11,243844
SEOUL,하노이,direct,19,30,11,342847
SEOUL,하노이,indirect,19,30,11,247470
SEOUL,하노이,direct,17,29,12,326578
SEOUL,하노이,indirect,17,29,12,256704
SEOUL,하노이,direct,18,30,12,278423
SEOUL,하노이,indirect,18,30,12,243844
SEOUL,하노이,direct,17,30,13,348290
SEOUL,하노이,indirect,17,30,13,256704
SEOUL,하이퐁,direct,17,27,10,315895
SEOUL,하이퐁,direct,18,28,10,275731
SEOUL,하이퐁,direct,19,29,10,375249
SEOUL,하이퐁,direct,20,30,10,342249
SEOUL,하이퐁,direct,17,28,11,299895
SEOUL,하이퐁,direct,18,29,11,289032
SEOUL,하이퐁,direct,19,30,11,358249
SEOUL,하이퐁,direct,17,29,12,332895
SEOUL,하이퐁,direct,18,30,12,325248
SEOUL,하이퐁,direct,17,30,13,315895
SEOUL,양곤,indirect,17,27,10,571856
SEOUL,양곤,indirect,18,28,10,498398
SEOUL,양곤,indirect,19,29,10,537404
SEOUL,양곤,indirect,20,30,10,602610
SEOUL,양곤,indirect,17,28,11,571856
SEOUL,양곤,indirect,18,29,11,498398
SEOUL,양곤,indirect,19,30,11,537404
SEOUL,양곤,indirect,17,29,12,571856
SEOUL,양곤,indirect,18,30,12,498398
SEOUL,양곤,indirect,17,30,13,571856
SEOUL,PHNOMPEHN,direct,17,27,10,612241
SEOUL,PHNOMPEHN,indirect,17,27,10,300106
SEOUL,PHNOMPEHN,direct,18,28,10,555967
SEOUL,PHNOMPEHN,indirect,18,28,10,338464
SEOUL,PHNOMPEHN,direct,20,30,10,647637
SEOUL,PHNOMPEHN,indirect,20,30,10,352182
SEOUL,PHNOMPEHN,direct,17,28,11,555967
SEOUL,PHNOMPEHN,indirect,17,28,11,300106
SEOUL,PHNOMPEHN,direct,19,30,11,572381
SEOUL,PHNOMPEHN,indirect,19,30,11,339294
SEOUL,PHNOMPEHN,direct,17,29,12,583271
SEOUL,PHNOMPEHN,indirect,17,29,12,300106
SEOUL,PHNOMPEHN,direct,17,30,13,591911
SEOUL,PHNOMPEHN,indirect,17,30,13,300106
SEOUL,Natra,indirect,17,27,10,290306
SEOUL,Natra,direct,18,28,10,310986
SEOUL,Natra,indirect,18,28,10,232628
SEOUL,Natra,direct,19,29,10,340597
SEOUL,Natra,indirect,19,29,10,266234
SEOUL,Natra,indirect,17,28,11,290306
SEOUL,Natra,direct,18,29,11,358893
SEOUL,Natra,indirect,18,29,11,232628
SEOUL,Natra,indirect,19,30,11,266234
SEOUL,Laos,direct,17,27,10,375906
SEOUL,Laos,indirect,17,27,10,251504
SEOUL,Laos,direct,18,28,10,384323
SEOUL,Laos,indirect,18,28,10,307206
SEOUL,Laos,direct,19,29,10,352332
SEOUL,Laos,indirect,19,29,10,307206
SEOUL,Laos,direct,20,30,10,433721
SEOUL,Laos,indirect,20,30,10,347206
SEOUL,Laos,direct,17,28,11,394092
SEOUL,Laos,indirect,17,28,11,251504
SEOUL,Laos,direct,18,29,11,373406
SEOUL,Laos,indirect,18,29,11,307206
SEOUL,Laos,direct,19,30,11,404407
SEOUL,Laos,indirect,19,30,11,307206
SEOUL,Laos,direct,17,29,12,391720
SEOUL,Laos,indirect,17,29,12,251504
SEOUL,Laos,direct,18,30,12,399406
SEOUL,Laos,indirect,18,30,12,307206
SEOUL,Laos,direct,17,30,13,412665
SEOUL,Laos,indirect,17,30,13,251504
SEOUL,luanprabang,indirect,17,27,10,363580
SEOUL,luanprabang,indirect,20,30,10,360198
SEOUL,luanprabang,indirect,17,29,12,363580
SEOUL,세부,direct,17,27,10,270481
SEOUL,세부,indirect,17,27,10,340006
SEOUL,세부,direct,18,28,10,303005
SEOUL,세부,indirect,18,28,10,292006
SEOUL,세부,direct,19,29,10,278456
SEOUL,세부,indirect,19,29,10,268278
SEOUL,세부,direct,20,30,10,468452
SEOUL,세부,indirect,20,30,10,369352
SEOUL,세부,direct,17,28,11,327005
SEOUL,세부,indirect,17,28,11,340006
SEOUL,세부,direct,18,29,11,303005
SEOUL,세부,indirect,18,29,11,292006
SEOUL,세부,direct,19,30,11,305519
SEOUL,세부,indirect,19,30,11,268278
SEOUL,세부,direct,17,29,12,327005
SEOUL,세부,indirect,17,29,12,340006
SEOUL,세부,direct,18,30,12,327028
SEOUL,세부,indirect,18,30,12,292006
SEOUL,세부,direct,17,30,13,437006
SEOUL,세부,indirect,17,30,13,340006
SEOUL,보라카이,direct,17,27,10,435206
SEOUL,보라카이,indirect,17,27,10,391678
SEOUL,보라카이,direct,18,28,10,395746
SEOUL,보라카이,indirect,18,28,10,361058
SEOUL,보라카이,direct,19,29,10,465207
SEOUL,보라카이,indirect,19,29,10,311994
SEOUL,보라카이,direct,20,30,10,445207
SEOUL,보라카이,indirect,20,30,10,373206
SEOUL,보라카이,direct,17,28,11,420746
SEOUL,보라카이,indirect,17,28,11,391678
SEOUL,보라카이,direct,18,29,11,465207
SEOUL,보라카이,indirect,18,29,11,361058
SEOUL,보라카이,direct,19,30,11,406297
SEOUL,보라카이,indirect,19,30,11,311994
SEOUL,보라카이,direct,17,29,12,490207
SEOUL,보라카이,indirect,17,29,12,391678
SEOUL,보라카이,direct,18,30,12,432349
SEOUL,보라카이,indirect,18,30,12,361058
SEOUL,보라카이,direct,17,30,13,428089
SEOUL,보라카이,indirect,17,30,13,391678
SEOUL,뉴욕,indirect,18,30,12,698548
SEOUL,로스엔젤레스,indirect,17,27,10,514974
SEOUL,로스엔젤레스,indirect,18,28,10,521272
SEOUL,로스엔젤레스,indirect,19,29,10,523222
SEOUL,로스엔젤레스,indirect,20,30,10,528030
SEOUL,로스엔젤레스,indirect,18,29,11,521272
SEOUL,로스엔젤레스,indirect,19,30,11,523222
SEOUL,로스엔젤레스,indirect,17,29,12,514974
SEOUL,로스엔젤레스,indirect,18,30,12,521272
SEOUL,시드니,indirect,17,28,11,736722
SEOUL,시드니,indirect,19,30,11,736722
SEOUL,시드니,indirect,17,29,12,736722
SEOUL,시드니,indirect,17,30,13,736722
BUSAN,DENPAS,indirect,17,27,10,396504
BUSAN,DENPAS,indirect,18,28,10,396138
BUSAN,DENPAS,indirect,18,29,11,396138
BUSAN,방콕,direct,17,27,10,504920
BUSAN,방콕,indirect,17,27,10,313874
BUSAN,방콕,direct,18,28,10,484507
BUSAN,방콕,indirect,18,28,10,313874
BUSAN,방콕,direct,19,29,10,484507
BUSAN,방콕,indirect,19,29,10,313874
BUSAN,방콕,direct,20,30,10,609752
BUSAN,방콕,indirect,20,30,10,362502
BUSAN,방콕,direct,17,28,11,507758
BUSAN,방콕,indirect,17,28,11,313874
BUSAN,방콕,direct,18,29,11,482507
BUSAN,방콕,indirect,18,29,11,313874
BUSAN,방콕,direct,19,30,11,444360
BUSAN,방콕,indirect,19,30,11,313874
BUSAN,방콕,direct,17,29,12,516768
BUSAN,방콕,indirect,17,29,12,313874
BUSAN,방콕,direct,17,30,13,607129
BUSAN,방콕,indirect,17,30,13,313874
BUSAN,치앙마이,indirect,17,27,10,647630
BUSAN,치앙마이,indirect,18,28,10,362502
BUSAN,치앙마이,indirect,17,28,11,647630
BUSAN,치앙마이,indirect,19,30,11,402906
BUSAN,치앙마이,indirect,18,30,12,362502
BUSAN,치앙마이,indirect,17,30,13,647630
BUSAN,하노이,direct,17,27,10,294098
BUSAN,하노이,indirect,17,27,10,240388
BUSAN,하노이,direct,18,28,10,599692
BUSAN,하노이,indirect,18,28,10,270388
BUSAN,하노이,direct,19,29,10,310374
BUSAN,하노이,indirect,19,29,10,286388
BUSAN,하노이,direct,20,30,10,337219
BUSAN,하노이,indirect,20,30,10,366390
BUSAN,하노이,indirect,17,28,11,240388
BUSAN,하노이,direct,18,29,11,327202
BUSAN,하노이,indirect,18,29,11,270388
BUSAN,하노이,direct,19,30,11,313202
BUSAN,하노이,indirect,19,30,11,286388
BUSAN,하노이,direct,17,29,12,312202
BUSAN,하노이,indirect,17,29,12,240388
BUSAN,하노이,direct,18,30,12,286725
BUSAN,하노이,indirect,18,30,12,270388
BUSAN,하노이,direct,17,30,13,272445
BUSAN,하노이,indirect,17,30,13,240388
BUSAN,양곤,indirect,17,27,10,432818
BUSAN,양곤,indirect,20,30,10,375278
BUSAN,양곤,indirect,17,28,11,432818
BUSAN,양곤,indirect,19,30,11,374718
BUSAN,양곤,indirect,17,30,13,432818
BUSAN,PHNOMPEHN,indirect,18,29,11,382360
BUSAN,Natra,indirect,20,30,10,439136
BUSAN,Natra,indirect,17,28,11,370406
BUSAN,Laos,direct,17,27,10,410578
BUSAN,Laos,indirect,17,27,10,361270
BUSAN,Laos,direct,17,28,11,521819
BUSAN,Laos,indirect,17,28,11,361270
BUSAN,Laos,indirect,18,30,12,361790
BUSAN,세부,direct,17,27,10,299441
BUSAN,세부,indirect,17,27,10,277454
BUSAN,세부,indirect,18,28,10,306706
BUSAN,세부,direct,20,30,10,421379
BUSAN,세부,indirect,20,30,10,306706
BUSAN,세부,direct,17,28,11,314189
BUSAN,세부,indirect,17,28,11,277454
BUSAN,보라카이,direct,17,27,10,353628
BUSAN,보라카이,indirect,17,27,10,333062
BUSAN,보라카이,indirect,18,28,10,363712
BUSAN,보라카이,direct,20,30,10,350666
BUSAN,보라카이,indirect,20,30,10,394128
BUSAN,보라카이,direct,17,28,11,398747
BUSAN,보라카이,indirect,17,28,11,333062
BUSAN,보라카이,indirect,18,29,11,363712
BUSAN,보라카이,direct,17,30,13,330205
BUSAN,보라카이,indirect,17,30,13,333062
BUSAN,로스엔젤레스,indirect,18,29,11,528708
BUSAN,시드니,indirect,17,28,11,651242
SEOUL,DENPAS,indirect,17,27,10,645810
SEOUL,DENPAS,indirect,18,28,10,561116
SEOUL,DENPAS,indirect,19,29,10,605118
SEOUL,DENPAS,indirect,20,30,10,605118
SEOUL,DENPAS,indirect,17,28,11,645810
SEOUL,DENPAS,indirect,18,29,11,561116
SEOUL,DENPAS,indirect,19,30,11,605118
SEOUL,DENPAS,indirect,17,29,12,645810
SEOUL,DENPAS,indirect,18,30,12,561116
SEOUL,DENPAS,indirect,17,30,13,645810
SEOUL,방콕,direct,17,27,10,504040
SEOUL,방콕,indirect,17,27,10,372664
SEOUL,방콕,direct,18,28,10,452307
SEOUL,방콕,indirect,18,28,10,387206
SEOUL,방콕,direct,19,29,10,519708
SEOUL,방콕,indirect,19,29,10,387206
SEOUL,방콕,direct,20,30,10,584309
SEOUL,방콕,indirect,20,30,10,715952
SEOUL,방콕,direct,17,28,11,490471
SEOUL,방콕,indirect,17,28,11,372664
SEOUL,방콕,direct,18,29,11,519708
SEOUL,방콕,indirect,18,29,11,387206
SEOUL,방콕,direct,19,30,11,490033
SEOUL,방콕,indirect,19,30,11,387206
SEOUL,방콕,direct,17,29,12,547009
SEOUL,방콕,indirect,17,29,12,372664
SEOUL,방콕,direct,18,30,12,530791
SEOUL,방콕,indirect,18,30,12,387206
SEOUL,방콕,direct,17,30,13,564128
SEOUL,방콕,indirect,17,30,13,372664
SEOUL,치앙마이,indirect,17,27,10,454808
SEOUL,치앙마이,indirect,18,28,10,431006
SEOUL,치앙마이,indirect,19,29,10,361006
SEOUL,치앙마이,indirect,20,30,10,561008
SEOUL,치앙마이,indirect,17,28,11,454808
SEOUL,치앙마이,indirect,18,29,11,431006
SEOUL,치앙마이,indirect,19,30,11,361006
SEOUL,치앙마이,indirect,17,29,12,454808
SEOUL,치앙마이,indirect,18,30,12,431006
SEOUL,치앙마이,indirect,17,30,13,454808
SEOUL,하노이,direct,17,27,10,327255
SEOUL,하노이,indirect,17,27,10,256704
SEOUL,하노이,direct,18,28,10,293612
SEOUL,하노이,indirect,18,28,10,243844
SEOUL,하노이,direct,19,29,10,297456
SEOUL,하노이,indirect,19,29,10,247470
SEOUL,하노이,direct,20,30,10,298474
SEOUL,하노이,indirect,20,30,10,246286
SEOUL,하노이,direct,17,28,11,294838
SEOUL,하노이,indirect,17,28,11,256704
SEOUL,하노이,direct,18,29,11,294793
SEOUL,하노이,indirect,18,29,11,243844
SEOUL,하노이,direct,19,30,11,342847
SEOUL,하노이,indirect,19,30,11,247470
SEOUL,하노이,direct,17,29,12,326578
SEOUL,하노이,indirect,17,29,12,256704
SEOUL,하노이,direct,18,30,12,278423
SEOUL,하노이,indirect,18,30,12,243844
SEOUL,하노이,direct,17,30,13,348290
SEOUL,하노이,indirect,17,30,13,256704
SEOUL,하이퐁,direct,17,27,10,315895
SEOUL,하이퐁,direct,18,28,10,275731
SEOUL,하이퐁,direct,19,29,10,375249
SEOUL,하이퐁,direct,20,30,10,342249
SEOUL,하이퐁,direct,17,28,11,299895
SEOUL,하이퐁,direct,18,29,11,289032
SEOUL,하이퐁,direct,19,30,11,358249
SEOUL,하이퐁,direct,17,29,12,332895
SEOUL,하이퐁,direct,18,30,12,325248
SEOUL,하이퐁,direct,17,30,13,315895
SEOUL,양곤,indirect,17,27,10,571856
SEOUL,양곤,indirect,18,28,10,498398
SEOUL,양곤,indirect,19,29,10,537404
SEOUL,양곤,indirect,20,30,10,602610
SEOUL,양곤,indirect,17,28,11,571856
SEOUL,양곤,indirect,18,29,11,498398
SEOUL,양곤,indirect,19,30,11,537404
SEOUL,양곤,indirect,17,29,12,571856
SEOUL,양곤,indirect,18,30,12,498398
SEOUL,양곤,indirect,17,30,13,571856
SEOUL,PHNOMPEHN,direct,17,27,10,612241
SEOUL,PHNOMPEHN,indirect,17,27,10,300106
SEOUL,PHNOMPEHN,direct,18,28,10,555967
SEOUL,PHNOMPEHN,indirect,18,28,10,338464
SEOUL,PHNOMPEHN,direct,20,30,10,647637
SEOUL,PHNOMPEHN,indirect,20,30,10,352182
SEOUL,PHNOMPEHN,direct,17,28,11,555967
SEOUL,PHNOMPEHN,indirect,17,28,11,300106
SEOUL,PHNOMPEHN,direct,19,30,11,572381
SEOUL,PHNOMPEHN,indirect,19,30,11,339294
SEOUL,PHNOMPEHN,direct,17,29,12,583271
SEOUL,PHNOMPEHN,indirect,17,29,12,300106
SEOUL,PHNOMPEHN,direct,17,30,13,591911
SEOUL,PHNOMPEHN,indirect,17,30,13,300106
SEOUL,Natra,indirect,17,27,10,290306
SEOUL,Natra,direct,18,28,10,310986
SEOUL,Natra,indirect,18,28,10,232628
SEOUL,Natra,direct,19,29,10,340597
SEOUL,Natra,indirect,19,29,10,266234
SEOUL,Natra,indirect,17,28,11,290306
SEOUL,Natra,direct,18,29,11,358893
SEOUL,Natra,indirect,18,29,11,232628
SEOUL,Natra,indirect,19,30,11,266234
SEOUL,Laos,direct,17,27,10,375906
SEOUL,Laos,indirect,17,27,10,251504
SEOUL,Laos,direct,18,28,10,384323
SEOUL,Laos,indirect,18,28,10,307206
SEOUL,Laos,direct,19,29,10,352332
SEOUL,Laos,indirect,19,29,10,307206
SEOUL,Laos,direct,20,30,10,433721
SEOUL,Laos,indirect,20,30,10,347206
SEOUL,Laos,direct,17,28,11,394092
SEOUL,Laos,indirect,17,28,11,251504
SEOUL,Laos,direct,18,29,11,373406
SEOUL,Laos,indirect,18,29,11,307206
SEOUL,Laos,direct,19,30,11,404407
SEOUL,Laos,indirect,19,30,11,307206
SEOUL,Laos,direct,17,29,12,391720
SEOUL,Laos,indirect,17,29,12,251504
SEOUL,Laos,direct,18,30,12,399406
SEOUL,Laos,indirect,18,30,12,307206
SEOUL,Laos,direct,17,30,13,412665
SEOUL,Laos,indirect,17,30,13,251504
SEOUL,luanprabang,indirect,17,27,10,363580
SEOUL,luanprabang,indirect,20,30,10,360198
SEOUL,luanprabang,indirect,17,29,12,363580
SEOUL,세부,direct,17,27,10,270481
SEOUL,세부,indirect,17,27,10,340006
SEOUL,세부,direct,18,28,10,303005
SEOUL,세부,indirect,18,28,10,292006
SEOUL,세부,direct,19,29,10,278456
SEOUL,세부,indirect,19,29,10,268278
SEOUL,세부,direct,20,30,10,468452
SEOUL,세부,indirect,20,30,10,369352
SEOUL,세부,direct,17,28,11,327005
SEOUL,세부,indirect,17,28,11,340006
SEOUL,세부,direct,18,29,11,303005
SEOUL,세부,indirect,18,29,11,292006
SEOUL,세부,direct,19,30,11,305519
SEOUL,세부,indirect,19,30,11,268278
SEOUL,세부,direct,17,29,12,327005
SEOUL,세부,indirect,17,29,12,340006
SEOUL,세부,direct,18,30,12,327028
SEOUL,세부,indirect,18,30,12,292006
SEOUL,세부,direct,17,30,13,437006
SEOUL,세부,indirect,17,30,13,340006
SEOUL,보라카이,direct,17,27,10,435206
SEOUL,보라카이,indirect,17,27,10,391678
SEOUL,보라카이,direct,18,28,10,395746
SEOUL,보라카이,indirect,18,28,10,361058
SEOUL,보라카이,direct,19,29,10,465207
SEOUL,보라카이,indirect,19,29,10,311994
SEOUL,보라카이,direct,20,30,10,445207
SEOUL,보라카이,indirect,20,30,10,373206
SEOUL,보라카이,direct,17,28,11,420746
SEOUL,보라카이,indirect,17,28,11,391678
SEOUL,보라카이,direct,18,29,11,465207
SEOUL,보라카이,indirect,18,29,11,361058
SEOUL,보라카이,direct,19,30,11,406297
SEOUL,보라카이,indirect,19,30,11,311994
SEOUL,보라카이,direct,17,29,12,490207
SEOUL,보라카이,indirect,17,29,12,391678
SEOUL,보라카이,direct,18,30,12,432349
SEOUL,보라카이,indirect,18,30,12,361058
SEOUL,보라카이,direct,17,30,13,428089
SEOUL,보라카이,indirect,17,30,13,391678
SEOUL,뉴욕,indirect,18,30,12,698548
SEOUL,로스엔젤레스,indirect,17,27,10,514974
SEOUL,로스엔젤레스,indirect,18,28,10,521272
SEOUL,로스엔젤레스,indirect,19,29,10,523222
SEOUL,로스엔젤레스,indirect,20,30,10,528030
SEOUL,로스엔젤레스,indirect,18,29,11,521272
SEOUL,로스엔젤레스,indirect,19,30,11,523222
SEOUL,로스엔젤레스,indirect,17,29,12,514974
SEOUL,로스엔젤레스,indirect,18,30,12,521272
SEOUL,시드니,indirect,17,28,11,736722
SEOUL,시드니,indirect,19,30,11,736722
SEOUL,시드니,indirect,17,29,12,736722
SEOUL,시드니,indirect,17,30,13,736722
BUSAN,DENPAS,indirect,17,27,10,396504
BUSAN,DENPAS,indirect,18,28,10,396138
BUSAN,DENPAS,indirect,18,29,11,396138
BUSAN,방콕,direct,17,27,10,504920
BUSAN,방콕,indirect,17,27,10,313874
BUSAN,방콕,direct,18,28,10,484507
BUSAN,방콕,indirect,18,28,10,313874
BUSAN,방콕,direct,19,29,10,484507
BUSAN,방콕,indirect,19,29,10,313874
BUSAN,방콕,direct,20,30,10,609752
BUSAN,방콕,indirect,20,30,10,362502
BUSAN,방콕,direct,17,28,11,507758
BUSAN,방콕,indirect,17,28,11,313874
BUSAN,방콕,direct,18,29,11,482507
BUSAN,방콕,indirect,18,29,11,313874
BUSAN,방콕,direct,19,30,11,444360
BUSAN,방콕,indirect,19,30,11,313874
BUSAN,방콕,direct,17,29,12,516768
BUSAN,방콕,indirect,17,29,12,313874
BUSAN,방콕,direct,17,30,13,607129
BUSAN,방콕,indirect,17,30,13,313874
BUSAN,치앙마이,indirect,17,27,10,647630
BUSAN,치앙마이,indirect,18,28,10,362502
BUSAN,치앙마이,indirect,17,28,11,647630
BUSAN,치앙마이,indirect,19,30,11,402906
BUSAN,치앙마이,indirect,18,30,12,362502
BUSAN,치앙마이,indirect,17,30,13,647630
BUSAN,하노이,direct,17,27,10,297669
BUSAN,하노이,indirect,17,27,10,240388
BUSAN,하노이,direct,18,28,10,536194
BUSAN,하노이,indirect,18,28,10,270388
BUSAN,하노이,direct,19,29,10,310374
BUSAN,하노이,indirect,19,29,10,286388
BUSAN,하노이,direct,20,30,10,350741
BUSAN,하노이,indirect,20,30,10,366390
BUSAN,하노이,indirect,17,28,11,240388
BUSAN,하노이,direct,18,29,11,327202
BUSAN,하노이,indirect,18,29,11,270388
BUSAN,하노이,direct,19,30,11,299022
BUSAN,하노이,indirect,19,30,11,286388
BUSAN,하노이,direct,17,29,12,312202
BUSAN,하노이,indirect,17,29,12,240388
BUSAN,하노이,direct,18,30,12,286725
BUSAN,하노이,indirect,18,30,12,270388
BUSAN,하노이,direct,17,30,13,272445
BUSAN,하노이,indirect,17,30,13,240388
BUSAN,양곤,indirect,17,27,10,432818
BUSAN,양곤,indirect,20,30,10,375278
BUSAN,양곤,indirect,17,28,11,432818
BUSAN,양곤,indirect,19,30,11,374718
BUSAN,양곤,indirect,17,30,13,432818
BUSAN,PHNOMPEHN,indirect,18,29,11,382360
BUSAN,Natra,indirect,20,30,10,439136
BUSAN,Natra,indirect,17,28,11,370406
BUSAN,Laos,direct,17,27,10,410578
BUSAN,Laos,indirect,17,27,10,361270
BUSAN,Laos,direct,17,28,11,439157
BUSAN,Laos,indirect,17,28,11,361270
BUSAN,Laos,indirect,18,30,12,361620
BUSAN,세부,direct,17,27,10,299441
BUSAN,세부,indirect,17,27,10,283454
BUSAN,세부,indirect,18,28,10,306706
BUSAN,세부,indirect,19,29,10,253060
BUSAN,세부,direct,20,30,10,415438
BUSAN,세부,indirect,20,30,10,306706
BUSAN,세부,direct,17,28,11,312813
BUSAN,세부,indirect,17,28,11,283454
BUSAN,보라카이,direct,17,27,10,353628
BUSAN,보라카이,indirect,17,27,10,333062
BUSAN,보라카이,indirect,18,28,10,363712
BUSAN,보라카이,direct,20,30,10,351026
BUSAN,보라카이,indirect,20,30,10,394128
BUSAN,보라카이,direct,17,28,11,430295
BUSAN,보라카이,indirect,17,28,11,333062
BUSAN,보라카이,indirect,18,29,11,363712
BUSAN,보라카이,direct,17,30,13,330565
BUSAN,보라카이,indirect,17,30,13,333062
BUSAN,로스엔젤레스,indirect,18,29,11,528708
BUSAN,시드니,indirect,17,28,11,651242
SEOUL,DENPAS,indirect,17,27,10,647324
SEOUL,DENPAS,indirect,18,28,10,561116
SEOUL,DENPAS,indirect,19,29,10,605118
SEOUL,DENPAS,indirect,20,30,10,605118
SEOUL,DENPAS,indirect,17,28,11,647324
SEOUL,DENPAS,indirect,18,29,11,561116
SEOUL,DENPAS,indirect,19,30,11,605118
SEOUL,DENPAS,indirect,17,29,12,647324
SEOUL,DENPAS,indirect,18,30,12,561116
SEOUL,DENPAS,indirect,17,30,13,647324
SEOUL,방콕,direct,17,27,10,504040
SEOUL,방콕,indirect,17,27,10,373968
SEOUL,방콕,direct,18,28,10,466407
SEOUL,방콕,indirect,18,28,10,387206
SEOUL,방콕,direct,19,29,10,489455
SEOUL,방콕,indirect,19,29,10,387206
SEOUL,방콕,direct,20,30,10,584309
SEOUL,방콕,indirect,20,30,10,396906
SEOUL,방콕,direct,17,28,11,493792
SEOUL,방콕,indirect,17,28,11,373968
SEOUL,방콕,direct,18,29,11,508108
SEOUL,방콕,indirect,18,29,11,387206
SEOUL,방콕,direct,19,30,11,552477
SEOUL,방콕,indirect,19,30,11,387206
SEOUL,방콕,direct,17,29,12,541151
SEOUL,방콕,indirect,17,29,12,373968
SEOUL,방콕,direct,18,30,12,532885
SEOUL,방콕,indirect,18,30,12,387206
SEOUL,방콕,direct,17,30,13,558357
SEOUL,방콕,indirect,17,30,13,373968
SEOUL,치앙마이,indirect,17,27,10,454808
SEOUL,치앙마이,indirect,18,28,10,431006
SEOUL,치앙마이,indirect,19,29,10,340644
SEOUL,치앙마이,indirect,20,30,10,561008
SEOUL,치앙마이,indirect,17,28,11,454808
SEOUL,치앙마이,indirect,18,29,11,431006
SEOUL,치앙마이,indirect,19,30,11,340644
SEOUL,치앙마이,indirect,17,29,12,454808
SEOUL,치앙마이,indirect,18,30,12,431006
SEOUL,치앙마이,indirect,17,30,13,454808
SEOUL,하노이,direct,17,27,10,327255
SEOUL,하노이,indirect,17,27,10,256704
SEOUL,하노이,direct,18,28,10,293612
SEOUL,하노이,indirect,18,28,10,243844
SEOUL,하노이,direct,19,29,10,297456
SEOUL,하노이,indirect,19,29,10,247470
SEOUL,하노이,direct,20,30,10,342446
SEOUL,하노이,indirect,20,30,10,263572
SEOUL,하노이,direct,17,28,11,302338
SEOUL,하노이,indirect,17,28,11,256704
SEOUL,하노이,direct,18,29,11,294793
SEOUL,하노이,indirect,18,29,11,243844
SEOUL,하노이,direct,19,30,11,342105
SEOUL,하노이,indirect,19,30,11,247470
SEOUL,하노이,direct,17,29,12,326578
SEOUL,하노이,indirect,17,29,12,256704
SEOUL,하노이,direct,18,30,12,278423
SEOUL,하노이,indirect,18,30,12,243844
SEOUL,하노이,direct,17,30,13,356727
SEOUL,하노이,indirect,17,30,13,256704
SEOUL,하이퐁,direct,17,27,10,315895
SEOUL,하이퐁,direct,18,28,10,265898
SEOUL,하이퐁,direct,19,29,10,342249
SEOUL,하이퐁,direct,20,30,10,369249
SEOUL,하이퐁,direct,17,28,11,299895
SEOUL,하이퐁,direct,18,29,11,289032
SEOUL,하이퐁,direct,19,30,11,325248
SEOUL,하이퐁,direct,17,29,12,332895
SEOUL,하이퐁,direct,18,30,12,325248
SEOUL,하이퐁,direct,17,30,13,315895
SEOUL,양곤,indirect,17,27,10,571856
SEOUL,양곤,indirect,18,28,10,498398
SEOUL,양곤,indirect,19,29,10,537404
SEOUL,양곤,indirect,20,30,10,602610
SEOUL,양곤,indirect,17,28,11,571856
SEOUL,양곤,indirect,18,29,11,498398
SEOUL,양곤,indirect,19,30,11,537404
SEOUL,양곤,indirect,17,29,12,571856
SEOUL,양곤,indirect,18,30,12,498398
SEOUL,양곤,indirect,17,30,13,571856
SEOUL,PHNOMPEHN,direct,17,27,10,662310
SEOUL,PHNOMPEHN,indirect,17,27,10,300106
SEOUL,PHNOMPEHN,direct,18,28,10,555967
SEOUL,PHNOMPEHN,indirect,18,28,10,339228
SEOUL,PHNOMPEHN,direct,20,30,10,647637
SEOUL,PHNOMPEHN,indirect,20,30,10,353062
SEOUL,PHNOMPEHN,direct,17,28,11,555967
SEOUL,PHNOMPEHN,indirect,17,28,11,300106
SEOUL,PHNOMPEHN,direct,19,30,11,572381
SEOUL,PHNOMPEHN,indirect,19,30,11,344354
SEOUL,PHNOMPEHN,direct,17,29,12,652111
SEOUL,PHNOMPEHN,indirect,17,29,12,300106
SEOUL,PHNOMPEHN,direct,17,30,13,598285
SEOUL,PHNOMPEHN,indirect,17,30,13,300106
SEOUL,Natra,indirect,17,27,10,290306
SEOUL,Natra,direct,18,28,10,310986
SEOUL,Natra,indirect,18,28,10,232628
SEOUL,Natra,direct,19,29,10,340597
SEOUL,Natra,indirect,19,29,10,266234
SEOUL,Natra,indirect,17,28,11,290306
SEOUL,Natra,direct,18,29,11,358893
SEOUL,Natra,indirect,18,29,11,232628
SEOUL,Natra,indirect,19,30,11,266234
SEOUL,Laos,direct,17,27,10,375906
SEOUL,Laos,indirect,17,27,10,251504
SEOUL,Laos,direct,18,28,10,397177
SEOUL,Laos,indirect,18,28,10,307206
SEOUL,Laos,direct,19,29,10,352332
SEOUL,Laos,indirect,19,29,10,307206
SEOUL,Laos,direct,20,30,10,419668
SEOUL,Laos,indirect,20,30,10,347206
SEOUL,Laos,direct,17,28,11,401460
SEOUL,Laos,indirect,17,28,11,251504
SEOUL,Laos,direct,18,29,11,373406
SEOUL,Laos,indirect,18,29,11,307206
SEOUL,Laos,direct,19,30,11,404407
SEOUL,Laos,indirect,19,30,11,307206
SEOUL,Laos,direct,17,29,12,392507
SEOUL,Laos,indirect,17,29,12,251504
SEOUL,Laos,direct,18,30,12,426617
SEOUL,Laos,indirect,18,30,12,307206
SEOUL,Laos,direct,17,30,13,412665
SEOUL,Laos,indirect,17,30,13,251504
SEOUL,luanprabang,indirect,17,27,10,363580
SEOUL,luanprabang,indirect,20,30,10,360198
SEOUL,luanprabang,indirect,17,29,12,363580
SEOUL,세부,direct,17,27,10,270481
SEOUL,세부,indirect,17,27,10,340006
SEOUL,세부,direct,18,28,10,303005
SEOUL,세부,indirect,18,28,10,292006
SEOUL,세부,direct,19,29,10,278456
SEOUL,세부,indirect,19,29,10,268278
SEOUL,세부,direct,20,30,10,453593
SEOUL,세부,indirect,20,30,10,369352
SEOUL,세부,direct,17,28,11,324802
SEOUL,세부,indirect,17,28,11,340006
SEOUL,세부,direct,18,29,11,303005
SEOUL,세부,indirect,18,29,11,292006
SEOUL,세부,direct,19,30,11,305519
SEOUL,세부,indirect,19,30,11,268278
SEOUL,세부,direct,17,29,12,327005
SEOUL,세부,indirect,17,29,12,340006
SEOUL,세부,direct,18,30,12,327028
SEOUL,세부,indirect,18,30,12,292006
SEOUL,세부,direct,17,30,13,437006
SEOUL,세부,indirect,17,30,13,340006
SEOUL,보라카이,direct,17,27,10,435206
SEOUL,보라카이,indirect,17,27,10,405518
SEOUL,보라카이,direct,18,28,10,395746
SEOUL,보라카이,indirect,18,28,10,389892
SEOUL,보라카이,direct,19,29,10,457932
SEOUL,보라카이,indirect,19,29,10,377592
SEOUL,보라카이,direct,20,30,10,445207
SEOUL,보라카이,indirect,20,30,10,373206
SEOUL,보라카이,direct,17,28,11,420746
SEOUL,보라카이,indirect,17,28,11,405518
SEOUL,보라카이,direct,18,29,11,465207
SEOUL,보라카이,indirect,18,29,11,389892
SEOUL,보라카이,direct,19,30,11,406297
SEOUL,보라카이,indirect,19,30,11,377592
SEOUL,보라카이,direct,17,29,12,490207
SEOUL,보라카이,indirect,17,29,12,405518
SEOUL,보라카이,direct,18,30,12,465207
SEOUL,보라카이,indirect,18,30,12,389892
SEOUL,보라카이,direct,17,30,13,460949
SEOUL,보라카이,indirect,17,30,13,405518
SEOUL,뉴욕,indirect,18,30,12,698548
SEOUL,로스엔젤레스,indirect,17,27,10,514974
SEOUL,로스엔젤레스,indirect,18,28,10,533708
SEOUL,로스엔젤레스,indirect,19,29,10,523222
SEOUL,로스엔젤레스,indirect,20,30,10,528030
SEOUL,로스엔젤레스,indirect,18,29,11,533708
SEOUL,로스엔젤레스,indirect,19,30,11,523222
SEOUL,로스엔젤레스,indirect,17,29,12,514974
SEOUL,로스엔젤레스,indirect,18,30,12,533708
SEOUL,시드니,indirect,17,28,11,736722
SEOUL,시드니,indirect,19,30,11,736722
SEOUL,시드니,indirect,17,29,12,736722
SEOUL,시드니,indirect,17,30,13,736722
BUSAN,DENPAS,indirect,17,27,10,396504
BUSAN,DENPAS,indirect,18,28,10,400788
BUSAN,DENPAS,indirect,18,29,11,400788
BUSAN,방콕,direct,17,27,10,507043
BUSAN,방콕,indirect,17,27,10,313874
BUSAN,방콕,direct,18,28,10,484507
BUSAN,방콕,indirect,18,28,10,313874
BUSAN,방콕,direct,19,29,10,484507
BUSAN,방콕,indirect,19,29,10,313874
BUSAN,방콕,direct,20,30,10,609752
BUSAN,방콕,indirect,20,30,10,362502
BUSAN,방콕,direct,17,28,11,507758
BUSAN,방콕,indirect,17,28,11,313874
BUSAN,방콕,direct,18,29,11,484507
BUSAN,방콕,indirect,18,29,11,313874
BUSAN,방콕,direct,19,30,11,464719
BUSAN,방콕,indirect,19,30,11,313874
BUSAN,방콕,direct,17,29,12,508446
BUSAN,방콕,indirect,17,29,12,313874
BUSAN,방콕,direct,17,30,13,607129
BUSAN,방콕,indirect,17,30,13,313874
BUSAN,치앙마이,indirect,17,27,10,647630
BUSAN,치앙마이,indirect,18,28,10,362096
BUSAN,치앙마이,indirect,17,28,11,647630
BUSAN,치앙마이,indirect,19,30,11,402906
BUSAN,치앙마이,indirect,18,30,12,362096
BUSAN,치앙마이,indirect,17,30,13,647630
BUSAN,하노이,direct,17,27,10,294098
BUSAN,하노이,indirect,17,27,10,240388
BUSAN,하노이,direct,18,28,10,536194
BUSAN,하노이,indirect,18,28,10,270388
BUSAN,하노이,direct,19,29,10,310655
BUSAN,하노이,indirect,19,29,10,286388
BUSAN,하노이,direct,20,30,10,337219
BUSAN,하노이,indirect,20,30,10,366390
BUSAN,하노이,indirect,17,28,11,240388
BUSAN,하노이,direct,18,29,11,327202
BUSAN,하노이,indirect,18,29,11,270388
BUSAN,하노이,direct,19,30,11,299022
BUSAN,하노이,indirect,19,30,11,286388
BUSAN,하노이,direct,17,29,12,312202
BUSAN,하노이,indirect,17,29,12,240388
BUSAN,하노이,direct,18,30,12,297164
BUSAN,하노이,indirect,18,30,12,270388
BUSAN,하노이,direct,17,30,13,272445
BUSAN,하노이,indirect,17,30,13,240388
BUSAN,양곤,indirect,17,27,10,432818
BUSAN,양곤,indirect,20,30,10,375278
BUSAN,양곤,indirect,17,28,11,432818
BUSAN,양곤,indirect,19,30,11,374718
BUSAN,양곤,indirect,17,30,13,432818
BUSAN,PHNOMPEHN,indirect,18,29,11,382360
BUSAN,Natra,indirect,20,30,10,439136
BUSAN,Natra,indirect,17,28,11,370406
BUSAN,Laos,direct,17,27,10,410578
BUSAN,Laos,indirect,17,27,10,361270
BUSAN,Laos,direct,17,28,11,521819
BUSAN,Laos,indirect,17,28,11,361270
BUSAN,Laos,indirect,18,30,12,361790
BUSAN,세부,direct,17,27,10,299441
BUSAN,세부,indirect,17,27,10,277454
BUSAN,세부,indirect,18,28,10,306706
BUSAN,세부,direct,20,30,10,421379
BUSAN,세부,indirect,20,30,10,306706
BUSAN,세부,direct,17,28,11,314189
BUSAN,세부,indirect,17,28,11,277454
BUSAN,보라카이,direct,17,27,10,353628
BUSAN,보라카이,indirect,17,27,10,333062
BUSAN,보라카이,indirect,18,28,10,363712
BUSAN,보라카이,direct,20,30,10,350666
BUSAN,보라카이,indirect,20,30,10,394128
BUSAN,보라카이,direct,17,28,11,398747
BUSAN,보라카이,indirect,17,28,11,333062
BUSAN,보라카이,indirect,18,29,11,363712
BUSAN,보라카이,direct,17,30,13,330205
BUSAN,보라카이,indirect,17,30,13,333062
BUSAN,로스엔젤레스,indirect,18,29,11,528708
BUSAN,시드니,indirect,17,28,11,651242
SEOUL,DENPAS,indirect,17,27,10,645810
SEOUL,DENPAS,indirect,18,28,10,561116
SEOUL,DENPAS,indirect,19,29,10,605118
SEOUL,DENPAS,indirect,20,30,10,605118
SEOUL,DENPAS,indirect,17,28,11,645810
SEOUL,DENPAS,indirect,18,29,11,561116
SEOUL,DENPAS,indirect,19,30,11,605118
SEOUL,DENPAS,indirect,17,29,12,645810
SEOUL,DENPAS,indirect,18,30,12,561116
SEOUL,DENPAS,indirect,17,30,13,645810
SEOUL,MALE,indirect,19,29,10,511008
SEOUL,MALE,indirect,20,30,10,774078
SEOUL,MALE,indirect,18,29,11,757212
SEOUL,MALE,indirect,19,30,11,511008
SEOUL,MALE,indirect,17,29,12,774078
BUSAN,DENPAS,indirect,17,27,10,396504
BUSAN,DENPAS,indirect,18,28,10,397624
BUSAN,DENPAS,indirect,18,29,11,397624
SEOUL,DENPAS,indirect,17,27,10,645810
SEOUL,DENPAS,indirect,18,28,10,561116
SEOUL,DENPAS,indirect,19,29,10,606536
SEOUL,DENPAS,indirect,20,30,10,605118
SEOUL,DENPAS,indirect,17,28,11,645810
SEOUL,DENPAS,indirect,18,29,11,561116
SEOUL,DENPAS,indirect,19,30,11,606536
SEOUL,DENPAS,indirect,17,29,12,645810
SEOUL,DENPAS,indirect,18,30,12,561116
SEOUL,DENPAS,indirect,17,30,13,645810
SEOUL,MALE,indirect,19,29,10,511008
SEOUL,MALE,indirect,20,30,10,774078
SEOUL,MALE,indirect,18,29,11,757212
SEOUL,MALE,indirect,19,30,11,511008
SEOUL,MALE,indirect,17,29,12,774078
SEOUL,SAIPAN,direct,17,27,10,333579
SEOUL,SAIPAN,indirect,17,27,10,442768
SEOUL,SAIPAN,direct,18,28,10,277868
SEOUL,SAIPAN,indirect,18,28,10,442768
SEOUL,SAIPAN,direct,19,29,10,322459
SEOUL,SAIPAN,indirect,19,29,10,442768
SEOUL,SAIPAN,direct,20,30,10,342685
SEOUL,SAIPAN,indirect,20,30,10,502768
SEOUL,SAIPAN,direct,17,28,11,279989
SEOUL,SAIPAN,indirect,17,28,11,442768
SEOUL,SAIPAN,direct,18,29,11,294493
SEOUL,SAIPAN,indirect,18,29,11,442768
SEOUL,SAIPAN,direct,19,30,11,519447
SEOUL,SAIPAN,indirect,19,30,11,442768
SEOUL,SAIPAN,direct,17,29,12,298302
SEOUL,SAIPAN,indirect,17,29,12,442768
SEOUL,SAIPAN,direct,18,30,12,322459
SEOUL,SAIPAN,indirect,18,30,12,442768
SEOUL,SAIPAN,direct,17,30,13,519447
SEOUL,SAIPAN,indirect,17,30,13,442768
BUSAN,DENPAS,indirect,17,27,10,396504
BUSAN,DENPAS,indirect,18,28,10,400788
BUSAN,DENPAS,indirect,18,29,11,400788
BUSAN,SAIPAN,direct,19,29,10,271804
BUSAN,SAIPAN,direct,20,30,10,240976
BUSAN,SAIPAN,direct,18,29,11,251204
BUSAN,SAIPAN,direct,17,29,12,202306
SEOUL,DENPAS,indirect,17,27,10,645810
SEOUL,DENPAS,indirect,18,28,10,561116
SEOUL,DENPAS,indirect,19,29,10,606536
SEOUL,DENPAS,indirect,20,30,10,605118
SEOUL,DENPAS,indirect,17,28,11,645810
SEOUL,DENPAS,indirect,18,29,11,561116
SEOUL,DENPAS,indirect,19,30,11,606536
SEOUL,DENPAS,indirect,17,29,12,645810
SEOUL,DENPAS,indirect,18,30,12,561116
SEOUL,DENPAS,indirect,17,30,13,645810
SEOUL,MALE,indirect,19,29,10,511008
SEOUL,MALE,indirect,20,30,10,774078
SEOUL,MALE,indirect,18,29,11,757212
SEOUL,MALE,indirect,19,30,11,511008
SEOUL,MALE,indirect,17,29,12,774078
SEOUL,SAIPAN,direct,17,27,10,333579
SEOUL,SAIPAN,indirect,17,27,10,442768
SEOUL,SAIPAN,direct,18,28,10,277868
SEOUL,SAIPAN,indirect,18,28,10,442768
SEOUL,SAIPAN,direct,19,29,10,322459
SEOUL,SAIPAN,indirect,19,29,10,442768
SEOUL,SAIPAN,direct,20,30,10,342685
SEOUL,SAIPAN,indirect,20,30,10,502768
SEOUL,SAIPAN,direct,17,28,11,279989
SEOUL,SAIPAN,indirect,17,28,11,442768
SEOUL,SAIPAN,direct,18,29,11,294493
SEOUL,SAIPAN,indirect,18,29,11,442768
SEOUL,SAIPAN,direct,19,30,11,519447
SEOUL,SAIPAN,indirect,19,30,11,442768
SEOUL,SAIPAN,direct,17,29,12,298302
SEOUL,SAIPAN,indirect,17,29,12,442768
SEOUL,SAIPAN,direct,18,30,12,322459
SEOUL,SAIPAN,indirect,18,30,12,442768
SEOUL,SAIPAN,direct,17,30,13,519447
SEOUL,SAIPAN,indirect,17,30,13,442768
SEOUL,KOTIKINABALU,direct,17,27,10,391005
SEOUL,KOTIKINABALU,indirect,17,27,10,269264
SEOUL,KOTIKINABALU,direct,18,28,10,370271
SEOUL,KOTIKINABALU,indirect,18,28,10,268798
SEOUL,KOTIKINABALU,direct,19,29,10,390715
SEOUL,KOTIKINABALU,indirect,19,29,10,302142
SEOUL,KOTIKINABALU,direct,20,30,10,464507
SEOUL,KOTIKINABALU,indirect,20,30,10,306934
SEOUL,KOTIKINABALU,direct,17,28,11,378324
SEOUL,KOTIKINABALU,indirect,17,28,11,269264
SEOUL,KOTIKINABALU,direct,18,29,11,404466
SEOUL,KOTIKINABALU,indirect,18,29,11,268798
SEOUL,KOTIKINABALU,indirect,19,30,11,302142
SEOUL,KOTIKINABALU,indirect,17,29,12,269264
SEOUL,KOTIKINABALU,indirect,18,30,12,268798
SEOUL,KOTIKINABALU,direct,17,30,13,406541
SEOUL,KOTIKINABALU,indirect,17,30,13,269264
BUSAN,DENPAS,indirect,17,27,10,396504
BUSAN,DENPAS,indirect,18,28,10,400788
BUSAN,DENPAS,indirect,18,29,11,400788
BUSAN,SAIPAN,direct,19,29,10,271804
BUSAN,SAIPAN,direct,20,30,10,240976
BUSAN,SAIPAN,direct,18,29,11,251204
BUSAN,SAIPAN,direct,17,29,12,202306
BUSAN,KOTIKINABALU,indirect,17,27,10,363756
BUSAN,KOTIKINABALU,indirect,18,28,10,335506
BUSAN,KOTIKINABALU,indirect,17,28,11,363756
SEOUL,DENPAS,indirect,17,27,10,645810
SEOUL,DENPAS,indirect,18,28,10,561116
SEOUL,DENPAS,indirect,19,29,10,606536
SEOUL,DENPAS,indirect,20,30,10,605118
SEOUL,DENPAS,indirect,17,28,11,645810
SEOUL,DENPAS,indirect,18,29,11,561116
SEOUL,DENPAS,indirect,19,30,11,606536
SEOUL,DENPAS,indirect,17,29,12,645810
SEOUL,DENPAS,indirect,18,30,12,561116
SEOUL,DENPAS,indirect,17,30,13,645810
SEOUL,HAWAI,direct,17,27,10,466498
SEOUL,HAWAI,indirect,17,27,10,466498
SEOUL,HAWAI,direct,18,28,10,467107
SEOUL,HAWAI,indirect,18,28,10,466498
SEOUL,HAWAI,direct,20,30,10,663910
SEOUL,HAWAI,indirect,20,30,10,528848
SEOUL,HAWAI,direct,17,28,11,466498
SEOUL,HAWAI,indirect,17,28,11,466498
SEOUL,HAWAI,direct,18,30,12,626709
SEOUL,HAWAI,indirect,18,30,12,466498
SEOUL,HAWAI,direct,17,30,13,658305
SEOUL,HAWAI,indirect,17,30,13,466498
BUSAN,DENPAS,indirect,17,27,10,396504
BUSAN,DENPAS,indirect,18,28,10,400788
BUSAN,DENPAS,indirect,18,29,11,400788
SEOUL,DENPAS,indirect,17,27,10,645810
SEOUL,DENPAS,indirect,18,28,10,561116
SEOUL,DENPAS,indirect,19,29,10,606536
SEOUL,DENPAS,indirect,20,30,10,605118
SEOUL,DENPAS,indirect,17,28,11,645810
SEOUL,DENPAS,indirect,18,29,11,561116
SEOUL,DENPAS,indirect,19,30,11,606536
SEOUL,DENPAS,indirect,17,29,12,645810
SEOUL,DENPAS,indirect,18,30,12,561116
SEOUL,DENPAS,indirect,17,30,13,645810
SEOUL,로스엔젤레스,indirect,17,27,10,514974
SEOUL,로스엔젤레스,indirect,18,28,10,533708
SEOUL,로스엔젤레스,indirect,19,29,10,523222
SEOUL,로스엔젤레스,indirect,20,30,10,528030
SEOUL,로스엔젤레스,indirect,18,29,11,533708
SEOUL,로스엔젤레스,indirect,19,30,11,523222
SEOUL,로스엔젤레스,indirect,17,29,12,514974
SEOUL,로스엔젤레스,indirect,18,30,12,533708
BUSAN,DENPAS,indirect,17,27,10,396504
BUSAN,DENPAS,indirect,18,29,11,397624
BUSAN,로스엔젤레스,indirect,18,29,11,528708
SEOUL,DENPAS,indirect,17,27,10,645810
SEOUL,DENPAS,indirect,18,28,10,561116
SEOUL,DENPAS,indirect,19,29,10,605118
SEOUL,DENPAS,indirect,20,30,10,605118
SEOUL,DENPAS,indirect,17,28,11,645810
SEOUL,DENPAS,indirect,18,29,11,561116
SEOUL,DENPAS,indirect,19,30,11,605118
SEOUL,DENPAS,indirect,17,29,12,645810
SEOUL,DENPAS,indirect,18,30,12,561116
SEOUL,DENPAS,indirect,17,30,13,645810
SEOUL,로스엔젤레스,indirect,17,27,10,514974
SEOUL,로스엔젤레스,indirect,18,28,10,521272
SEOUL,로스엔젤레스,indirect,19,29,10,523222
SEOUL,로스엔젤레스,indirect,20,30,10,528030
SEOUL,로스엔젤레스,indirect,18,29,11,521272
SEOUL,로스엔젤레스,indirect,19,30,11,523222
SEOUL,로스엔젤레스,indirect,17,29,12,514974
SEOUL,로스엔젤레스,indirect,18,30,12,521272
BUSAN,DENPAS,indirect,17,27,10,396504
BUSAN,DENPAS,indirect,18,28,10,396138
BUSAN,DENPAS,indirect,18,29,11,396138
BUSAN,로스엔젤레스,indirect,18,29,11,531666
BUSAN,로스엔젤레스,indirect,18,30,12,531666
SEOUL,DENPAS,indirect,17,27,10,650570
SEOUL,DENPAS,indirect,18,28,10,565252
SEOUL,DENPAS,indirect,19,29,10,609578
SEOUL,DENPAS,indirect,20,30,10,609578
SEOUL,DENPAS,indirect,17,28,11,650570
SEOUL,DENPAS,indirect,18,29,11,565252
SEOUL,DENPAS,indirect,19,30,11,609578
SEOUL,DENPAS,indirect,17,29,12,650570
SEOUL,DENPAS,indirect,18,30,12,565252
SEOUL,DENPAS,indirect,17,30,13,650570
SEOUL,로스엔젤레스,indirect,17,27,10,529850
SEOUL,로스엔젤레스,indirect,18,28,10,531170
SEOUL,로스엔젤레스,indirect,19,29,10,527080
SEOUL,로스엔젤레스,indirect,20,30,10,531922
SEOUL,로스엔젤레스,indirect,18,29,11,531170
SEOUL,로스엔젤레스,indirect,19,30,11,527080
SEOUL,로스엔젤레스,indirect,17,29,12,529850
SEOUL,로스엔젤레스,indirect,18,30,12,531170
BUSAN,DENPAS,indirect,17,27,10,399426
BUSAN,DENPAS,indirect,18,29,11,400554
BUSAN,로스엔젤레스,indirect,18,29,11,532606
SEOUL,DENPAS,indirect,17,27,10,650570
SEOUL,DENPAS,indirect,18,28,10,565252
SEOUL,DENPAS,indirect,19,29,10,609578
SEOUL,DENPAS,indirect,20,30,10,609578
SEOUL,DENPAS,indirect,17,28,11,650570
SEOUL,DENPAS,indirect,18,29,11,565252
SEOUL,DENPAS,indirect,19,30,11,609578
SEOUL,DENPAS,indirect,17,29,12,650570
SEOUL,DENPAS,indirect,18,30,12,565252
SEOUL,DENPAS,indirect,17,30,13,650570
SEOUL,방콕,direct,17,27,10,507754
SEOUL,방콕,indirect,17,27,10,376724
SEOUL,방콕,direct,18,28,10,465361
SEOUL,방콕,indirect,18,28,10,390060
SEOUL,방콕,direct,19,29,10,512255
SEOUL,방콕,indirect,19,29,10,390060
SEOUL,방콕,direct,20,30,10,588615
SEOUL,방콕,indirect,20,30,10,399832
SEOUL,방콕,direct,17,28,11,497431
SEOUL,방콕,indirect,17,28,11,376724
SEOUL,방콕,direct,18,29,11,511852
SEOUL,방콕,indirect,18,29,11,390060
SEOUL,방콕,direct,19,30,11,576395
SEOUL,방콕,indirect,19,30,11,390060
SEOUL,방콕,direct,17,29,12,507754
SEOUL,방콕,indirect,17,29,12,376724
SEOUL,방콕,direct,18,30,12,532067
SEOUL,방콕,indirect,18,30,12,390060
SEOUL,방콕,direct,17,30,13,558394
SEOUL,방콕,indirect,17,30,13,376724
SEOUL,치앙마이,indirect,17,27,10,458160
SEOUL,치앙마이,indirect,18,28,10,434184
SEOUL,치앙마이,indirect,19,29,10,343154
SEOUL,치앙마이,indirect,20,30,10,565144
SEOUL,치앙마이,indirect,17,28,11,458160
SEOUL,치앙마이,indirect,18,29,11,434184
SEOUL,치앙마이,indirect,19,30,11,343154
SEOUL,치앙마이,indirect,17,29,12,458160
SEOUL,치앙마이,indirect,18,30,12,434184
SEOUL,치앙마이,indirect,17,30,13,458160
SEOUL,하노이,direct,17,27,10,330541
SEOUL,하노이,indirect,17,27,10,249870
SEOUL,하노이,direct,18,28,10,295776
SEOUL,하노이,indirect,18,28,10,245642
SEOUL,하노이,direct,19,29,10,299648
SEOUL,하노이,indirect,19,29,10,249294
SEOUL,하노이,direct,20,30,10,354473
SEOUL,하노이,indirect,20,30,10,256520
SEOUL,하노이,direct,17,28,11,304566
SEOUL,하노이,indirect,17,28,11,249870
SEOUL,하노이,direct,18,29,11,296966
SEOUL,하노이,indirect,18,29,11,245642
SEOUL,하노이,direct,19,30,11,344627
SEOUL,하노이,indirect,19,30,11,249294
SEOUL,하노이,direct,17,29,12,338241
SEOUL,하노이,indirect,17,29,12,249870
SEOUL,하노이,direct,18,30,12,280475
SEOUL,하노이,indirect,18,30,12,245642
SEOUL,하노이,direct,17,30,13,354473
SEOUL,하노이,indirect,17,30,13,249870
SEOUL,하이퐁,direct,17,27,10,325286
SEOUL,하이퐁,direct,18,28,10,295598
SEOUL,하이퐁,direct,19,29,10,360889
SEOUL,하이퐁,direct,20,30,10,371971
SEOUL,하이퐁,direct,17,28,11,310315
SEOUL,하이퐁,direct,18,29,11,291163
SEOUL,하이퐁,direct,19,30,11,360889
SEOUL,하이퐁,direct,17,29,12,326433
SEOUL,하이퐁,direct,18,30,12,327646
SEOUL,하이퐁,direct,17,30,13,326433
SEOUL,양곤,indirect,17,27,10,570584
SEOUL,양곤,indirect,18,28,10,502072
SEOUL,양곤,indirect,19,29,10,541364
SEOUL,양곤,indirect,20,30,10,607050
SEOUL,양곤,indirect,17,28,11,570584
SEOUL,양곤,indirect,18,29,11,502072
SEOUL,양곤,indirect,19,30,11,541364
SEOUL,양곤,indirect,17,29,12,570584
SEOUL,양곤,indirect,18,30,12,502072
SEOUL,양곤,indirect,17,30,13,570584
SEOUL,PHNOMPEHN,direct,17,27,10,667191
SEOUL,PHNOMPEHN,indirect,17,27,10,302316
SEOUL,PHNOMPEHN,direct,18,28,10,560065
SEOUL,PHNOMPEHN,indirect,18,28,10,341728
SEOUL,PHNOMPEHN,direct,20,30,10,652410
SEOUL,PHNOMPEHN,indirect,20,30,10,356210
SEOUL,PHNOMPEHN,direct,17,28,11,560065
SEOUL,PHNOMPEHN,indirect,17,28,11,302316
SEOUL,PHNOMPEHN,direct,19,30,11,576600
SEOUL,PHNOMPEHN,indirect,19,30,11,346892
SEOUL,PHNOMPEHN,direct,17,29,12,656917
SEOUL,PHNOMPEHN,indirect,17,29,12,302316
SEOUL,PHNOMPEHN,direct,17,30,13,602694
SEOUL,PHNOMPEHN,indirect,17,30,13,302316
SEOUL,Natra,indirect,17,27,10,324676
SEOUL,Natra,direct,18,28,10,313278
SEOUL,Natra,indirect,18,28,10,243476
SEOUL,Natra,direct,19,29,10,343107
SEOUL,Natra,indirect,19,29,10,268196
SEOUL,Natra,indirect,17,28,11,324676
SEOUL,Natra,direct,18,29,11,359040
SEOUL,Natra,indirect,18,29,11,243476
SEOUL,Natra,indirect,19,30,11,268196
SEOUL,Laos,direct,17,27,10,378676
SEOUL,Laos,indirect,17,27,10,253358
SEOUL,Laos,direct,18,28,10,400104
SEOUL,Laos,indirect,18,28,10,307240
SEOUL,Laos,direct,19,29,10,354929
SEOUL,Laos,indirect,19,29,10,307240
SEOUL,Laos,direct,20,30,10,422761
SEOUL,Laos,indirect,20,30,10,347246
SEOUL,Laos,direct,17,28,11,404419
SEOUL,Laos,indirect,17,28,11,253358
SEOUL,Laos,direct,18,29,11,376158
SEOUL,Laos,indirect,18,29,11,307240
SEOUL,Laos,direct,19,30,11,407388
SEOUL,Laos,indirect,19,30,11,307240
SEOUL,Laos,direct,17,29,12,395400
SEOUL,Laos,indirect,17,29,12,253358
SEOUL,Laos,direct,18,30,12,429762
SEOUL,Laos,indirect,18,30,12,307240
SEOUL,Laos,direct,17,30,13,415707
SEOUL,Laos,indirect,17,30,13,253358
SEOUL,luanprabang,indirect,17,27,10,366258
SEOUL,luanprabang,indirect,20,30,10,362852
SEOUL,세부,direct,17,27,10,272474
SEOUL,세부,indirect,17,27,10,342512
SEOUL,세부,direct,18,28,10,304099
SEOUL,세부,indirect,18,28,10,294158
SEOUL,세부,direct,19,29,10,280508
SEOUL,세부,indirect,19,29,10,270256
SEOUL,세부,direct,20,30,10,456936
SEOUL,세부,indirect,20,30,10,394368
SEOUL,세부,direct,17,28,11,327196
SEOUL,세부,indirect,17,28,11,342512
SEOUL,세부,direct,18,29,11,305238
SEOUL,세부,indirect,18,29,11,294158
SEOUL,세부,direct,19,30,11,307771
SEOUL,세부,indirect,19,30,11,270256
SEOUL,세부,direct,17,29,12,329415
SEOUL,세부,indirect,17,29,12,342512
SEOUL,세부,direct,18,30,12,329438
SEOUL,세부,indirect,18,30,12,294158
SEOUL,세부,direct,17,30,13,440227
SEOUL,세부,indirect,17,30,13,342512
SEOUL,보라카이,direct,17,27,10,438414
SEOUL,보라카이,indirect,17,27,10,408506
SEOUL,보라카이,direct,18,28,10,397164
SEOUL,보라카이,indirect,18,28,10,363720
SEOUL,보라카이,direct,19,29,10,466760
SEOUL,보라카이,indirect,19,29,10,380374
SEOUL,보라카이,direct,20,30,10,448488
SEOUL,보라카이,indirect,20,30,10,375956
SEOUL,보라카이,direct,17,28,11,423847
SEOUL,보라카이,indirect,17,28,11,408506
SEOUL,보라카이,direct,18,29,11,465261
SEOUL,보라카이,indirect,18,29,11,363720
SEOUL,보라카이,direct,19,30,11,409292
SEOUL,보라카이,indirect,19,30,11,380374
SEOUL,보라카이,direct,17,29,12,491944
SEOUL,보라카이,indirect,17,29,12,408506
SEOUL,보라카이,direct,18,30,12,435536
SEOUL,보라카이,indirect,18,30,12,363720
SEOUL,보라카이,direct,17,30,13,493820
SEOUL,보라카이,indirect,17,30,13,408506
SEOUL,로스엔젤레스,indirect,17,27,10,529850
SEOUL,로스엔젤레스,indirect,18,28,10,531170
SEOUL,로스엔젤레스,indirect,19,29,10,527080
SEOUL,로스엔젤레스,indirect,20,30,10,531922
SEOUL,로스엔젤레스,indirect,18,29,11,531170
SEOUL,로스엔젤레스,indirect,19,30,11,527080
SEOUL,로스엔젤레스,indirect,17,29,12,529850
SEOUL,로스엔젤레스,indirect,18,30,12,531170
SEOUL,시드니,indirect,17,28,11,686904
SEOUL,시드니,indirect,19,30,11,742152
SEOUL,시드니,indirect,17,30,13,686904
SEOUL,HAWAI,direct,17,27,10,469936
SEOUL,HAWAI,indirect,17,27,10,466762
SEOUL,HAWAI,direct,18,28,10,470550
SEOUL,HAWAI,indirect,18,28,10,469936
SEOUL,HAWAI,direct,20,30,10,668803
SEOUL,HAWAI,indirect,20,30,10,535268
SEOUL,HAWAI,direct,17,28,11,469936
SEOUL,HAWAI,indirect,17,28,11,466762
SEOUL,HAWAI,direct,18,30,12,626211
SEOUL,HAWAI,indirect,18,30,12,469936
SEOUL,HAWAI,direct,17,30,13,678172
SEOUL,HAWAI,indirect,17,30,13,466762
SEOUL,MALE,indirect,19,29,10,514774
SEOUL,MALE,indirect,20,30,10,779782
SEOUL,MALE,indirect,19,30,11,514774
SEOUL,MALE,indirect,17,29,12,779782
SEOUL,SAIPAN,direct,17,27,10,336038
SEOUL,SAIPAN,indirect,17,27,10,413556
SEOUL,SAIPAN,direct,18,28,10,279916
SEOUL,SAIPAN,indirect,18,28,10,442818
SEOUL,SAIPAN,direct,19,29,10,317889
SEOUL,SAIPAN,indirect,19,29,10,442818
SEOUL,SAIPAN,direct,20,30,10,345210
SEOUL,SAIPAN,indirect,20,30,10,502826
SEOUL,SAIPAN,direct,17,28,11,281001
SEOUL,SAIPAN,indirect,17,28,11,413556
SEOUL,SAIPAN,direct,18,29,11,296664
SEOUL,SAIPAN,indirect,18,29,11,442818
SEOUL,SAIPAN,direct,19,30,11,448258
SEOUL,SAIPAN,indirect,19,30,11,442818
SEOUL,SAIPAN,direct,17,29,12,285440
SEOUL,SAIPAN,indirect,17,29,12,413556
SEOUL,SAIPAN,direct,18,30,12,324836
SEOUL,SAIPAN,indirect,18,30,12,442818
SEOUL,SAIPAN,direct,17,30,13,448258
SEOUL,SAIPAN,indirect,17,30,13,413556
SEOUL,KOTIKINABALU,direct,17,27,10,393887
SEOUL,KOTIKINABALU,indirect,17,27,10,271250
SEOUL,KOTIKINABALU,direct,18,28,10,373000
SEOUL,KOTIKINABALU,indirect,18,28,10,324782
SEOUL,KOTIKINABALU,direct,19,29,10,393595
SEOUL,KOTIKINABALU,indirect,19,29,10,304368
SEOUL,KOTIKINABALU,direct,20,30,10,465916
SEOUL,KOTIKINABALU,indirect,20,30,10,309196
SEOUL,KOTIKINABALU,direct,17,28,11,381112
SEOUL,KOTIKINABALU,indirect,17,28,11,271250
SEOUL,KOTIKINABALU,direct,18,29,11,387702
SEOUL,KOTIKINABALU,indirect,18,29,11,324782
SEOUL,KOTIKINABALU,indirect,19,30,11,304368
SEOUL,KOTIKINABALU,indirect,17,29,12,271250
SEOUL,KOTIKINABALU,indirect,18,30,12,324782
SEOUL,KOTIKINABALU,direct,17,30,13,409141
SEOUL,KOTIKINABALU,indirect,17,30,13,271250
BUSAN,DENPAS,indirect,17,27,10,399426
BUSAN,DENPAS,indirect,18,28,10,403742
BUSAN,DENPAS,indirect,18,29,11,403742
BUSAN,방콕,direct,17,27,10,510780
BUSAN,방콕,indirect,17,27,10,316188
BUSAN,방콕,direct,18,28,10,488078
BUSAN,방콕,indirect,18,28,10,322404
BUSAN,방콕,direct,19,29,10,488078
BUSAN,방콕,indirect,19,29,10,316188
BUSAN,방콕,direct,20,30,10,614246
BUSAN,방콕,indirect,20,30,10,365174
BUSAN,방콕,direct,17,28,11,511500
BUSAN,방콕,indirect,17,28,11,316188
BUSAN,방콕,direct,18,29,11,488078
BUSAN,방콕,indirect,18,29,11,322404
BUSAN,방콕,direct,19,30,11,582571
BUSAN,방콕,indirect,19,30,11,316188
BUSAN,방콕,direct,17,29,12,512193
BUSAN,방콕,indirect,17,29,12,316188
BUSAN,방콕,direct,17,30,13,611603
BUSAN,방콕,indirect,17,30,13,316188
BUSAN,치앙마이,indirect,17,27,10,652404
BUSAN,치앙마이,indirect,18,28,10,364764
BUSAN,치앙마이,indirect,17,28,11,652404
BUSAN,치앙마이,indirect,19,30,11,405876
BUSAN,치앙마이,indirect,18,30,12,364764
BUSAN,치앙마이,indirect,17,30,13,652404
BUSAN,하노이,direct,17,27,10,296265
BUSAN,하노이,indirect,17,27,10,242160
BUSAN,하노이,direct,18,28,10,540146
BUSAN,하노이,indirect,18,28,10,272380
BUSAN,하노이,direct,19,29,10,312945
BUSAN,하노이,indirect,19,29,10,286422
BUSAN,하노이,direct,20,30,10,339705
BUSAN,하노이,indirect,20,30,10,369090
BUSAN,하노이,indirect,17,28,11,242160
BUSAN,하노이,direct,18,29,11,328220
BUSAN,하노이,indirect,18,29,11,272380
BUSAN,하노이,direct,19,30,11,301225
BUSAN,하노이,indirect,19,30,11,286422
BUSAN,하노이,direct,17,29,12,313110
BUSAN,하노이,indirect,17,29,12,242160
BUSAN,하노이,direct,18,30,12,299354
BUSAN,하노이,indirect,18,30,12,272380
BUSAN,하노이,direct,17,30,13,274453
BUSAN,하노이,indirect,17,30,13,242160
BUSAN,양곤,indirect,17,27,10,428886
BUSAN,양곤,indirect,20,30,10,378044
BUSAN,양곤,indirect,17,28,11,428886
BUSAN,양곤,indirect,19,30,11,377480
BUSAN,양곤,indirect,17,30,13,428886
BUSAN,PHNOMPEHN,indirect,18,29,11,447446
BUSAN,Natra,indirect,20,30,10,442372
BUSAN,Natra,indirect,17,28,11,373136
BUSAN,Laos,direct,17,27,10,413604
BUSAN,Laos,indirect,17,27,10,363932
BUSAN,Laos,direct,17,28,11,442394
BUSAN,Laos,indirect,17,28,11,363932
BUSAN,Laos,indirect,18,30,12,364284
BUSAN,세부,direct,17,27,10,301648
BUSAN,세부,indirect,17,27,10,279498
BUSAN,세부,indirect,18,28,10,308966
BUSAN,세부,direct,20,30,10,424484
BUSAN,세부,indirect,20,30,10,308966
BUSAN,세부,direct,17,28,11,316505
BUSAN,세부,indirect,17,28,11,279498
BUSAN,보라카이,direct,17,27,10,379184
BUSAN,보라카이,indirect,17,27,10,335518
BUSAN,보라카이,indirect,18,28,10,366392
BUSAN,보라카이,direct,20,30,10,353251
BUSAN,보라카이,indirect,20,30,10,397032
BUSAN,보라카이,direct,17,28,11,401686
BUSAN,보라카이,indirect,17,28,11,335518
BUSAN,보라카이,indirect,18,29,11,366392
BUSAN,보라카이,direct,17,30,13,332639
BUSAN,보라카이,indirect,17,30,13,335518
BUSAN,로스엔젤레스,indirect,18,29,11,532606
BUSAN,SAIPAN,direct,19,29,10,273807
BUSAN,SAIPAN,direct,20,30,10,242752
BUSAN,SAIPAN,direct,18,29,11,253055
BUSAN,SAIPAN,direct,17,29,12,203797
BUSAN,KOTIKINABALU,indirect,17,27,10,366438
BUSAN,KOTIKINABALU,indirect,18,28,10,335944
BUSAN,KOTIKINABALU,indirect,17,28,11,366438
SEOUL,PHNOMPEHN,direct,17,27,10,667191
SEOUL,PHNOMPEHN,indirect,17,27,10,302316
SEOUL,PHNOMPEHN,direct,18,28,10,560065
SEOUL,PHNOMPEHN,indirect,18,28,10,341728
SEOUL,PHNOMPEHN,direct,20,30,10,598003
SEOUL,PHNOMPEHN,indirect,20,30,10,354802
SEOUL,PHNOMPEHN,direct,17,28,11,560065
SEOUL,PHNOMPEHN,indirect,17,28,11,302316
SEOUL,PHNOMPEHN,direct,19,30,11,580578
SEOUL,PHNOMPEHN,indirect,19,30,11,341794
SEOUL,PHNOMPEHN,direct,17,29,12,667191
SEOUL,PHNOMPEHN,indirect,17,29,12,302316
SEOUL,PHNOMPEHN,direct,17,30,13,596274
SEOUL,PHNOMPEHN,indirect,17,30,13,302316
BUSAN,PHNOMPEHN,indirect,18,29,11,385178
SEOUL,PHNOMPEHN,direct,17,27,10,667191
SEOUL,PHNOMPEHN,indirect,17,27,10,302316
SEOUL,PHNOMPEHN,direct,18,28,10,560065
SEOUL,PHNOMPEHN,indirect,18,28,10,341728
SEOUL,PHNOMPEHN,direct,20,30,10,598003
SEOUL,PHNOMPEHN,indirect,20,30,10,354802
SEOUL,PHNOMPEHN,direct,17,28,11,560065
SEOUL,PHNOMPEHN,indirect,17,28,11,302316
SEOUL,PHNOMPEHN,direct,19,30,11,580578
SEOUL,PHNOMPEHN,indirect,19,30,11,341794
SEOUL,PHNOMPEHN,direct,17,29,12,667191
SEOUL,PHNOMPEHN,indirect,17,29,12,302316
SEOUL,PHNOMPEHN,direct,17,30,13,596274
SEOUL,PHNOMPEHN,indirect,17,30,13,302316
BUSAN,PHNOMPEHN,indirect,18,29,11,385178
SEOUL,PHNOMPEHN,direct,17,27,10,667191
SEOUL,PHNOMPEHN,indirect,17,27,10,302316
SEOUL,PHNOMPEHN,direct,18,28,10,560065
SEOUL,PHNOMPEHN,indirect,18,28,10,341728
SEOUL,PHNOMPEHN,direct,20,30,10,598003
SEOUL,PHNOMPEHN,indirect,20,30,10,354802
SEOUL,PHNOMPEHN,direct,17,28,11,560065
SEOUL,PHNOMPEHN,indirect,17,28,11,302316
SEOUL,PHNOMPEHN,direct,19,30,11,580578
SEOUL,PHNOMPEHN,indirect,19,30,11,341794
SEOUL,PHNOMPEHN,direct,17,29,12,667191
SEOUL,PHNOMPEHN,indirect,17,29,12,302316
SEOUL,PHNOMPEHN,direct,17,30,13,596274
SEOUL,PHNOMPEHN,indirect,17,30,13,302316
BUSAN,PHNOMPEHN,indirect,18,29,11,385178
SEOUL,PHNOMPEHN,direct,17,27,10,667191
SEOUL,PHNOMPEHN,indirect,17,27,10,302316
SEOUL,PHNOMPEHN,direct,18,28,10,560065
SEOUL,PHNOMPEHN,indirect,18,28,10,341728
SEOUL,PHNOMPEHN,direct,20,30,10,652410
SEOUL,PHNOMPEHN,indirect,20,30,10,356210
SEOUL,PHNOMPEHN,direct,17,28,11,560065
SEOUL,PHNOMPEHN,indirect,17,28,11,302316
SEOUL,PHNOMPEHN,direct,19,30,11,576600
SEOUL,PHNOMPEHN,indirect,19,30,11,346892
SEOUL,PHNOMPEHN,direct,17,29,12,656917
SEOUL,PHNOMPEHN,indirect,17,29,12,302316
SEOUL,PHNOMPEHN,direct,17,30,13,602694
SEOUL,PHNOMPEHN,indirect,17,30,13,302316
SEOUL,Seim Reap,indirect,17,27,10,559300
SEOUL,Seim Reap,indirect,18,28,10,587458
SEOUL,Seim Reap,indirect,19,29,10,592478
SEOUL,Seim Reap,indirect,20,30,10,442242
SEOUL,Seim Reap,indirect,17,28,11,559300
SEOUL,Seim Reap,indirect,18,29,11,587458
SEOUL,Seim Reap,indirect,19,30,11,592478
SEOUL,Seim Reap,indirect,17,29,12,559300
SEOUL,Seim Reap,indirect,18,30,12,587458
SEOUL,Seim Reap,indirect,17,30,13,559300
BUSAN,PHNOMPEHN,indirect,18,29,11,447446
BUSAN,Seim Reap,indirect,17,27,10,380816
BUSAN,Seim Reap,direct,20,30,10,695982
BUSAN,Seim Reap,indirect,20,30,10,386608
BUSAN,Seim Reap,direct,18,29,11,630051
BUSAN,Seim Reap,indirect,18,29,11,309066
BUSAN,Seim Reap,direct,19,30,11,559399
BUSAN,Seim Reap,indirect,19,30,11,309066
SEOUL,PHNOMPEHN,indirect,17,26,9,302316
SEOUL,PHNOMPEHN,indirect,18,27,9,341728
SEOUL,PHNOMPEHN,indirect,19,28,9,346892
SEOUL,PHNOMPEHN,indirect,21,30,9,345232
SEOUL,PHNOMPEHN,indirect,17,27,10,302316
SEOUL,PHNOMPEHN,indirect,18,28,10,341728
SEOUL,PHNOMPEHN,indirect,20,30,10,356210
SEOUL,PHNOMPEHN,indirect,17,28,11,302316
SEOUL,PHNOMPEHN,indirect,19,30,11,346892
SEOUL,PHNOMPEHN,indirect,17,29,12,302316
SEOUL,PHNOMPEHN,indirect,17,30,13,302316
SEOUL,Siem Reap,indirect,18,27,9,587458
SEOUL,Siem Reap,indirect,19,28,9,592478
SEOUL,Siem Reap,indirect,17,27,10,559300
SEOUL,Siem Reap,indirect,18,28,10,587458
SEOUL,Siem Reap,indirect,19,29,10,592478
SEOUL,Siem Reap,indirect,20,30,10,442242
SEOUL,Siem Reap,indirect,19,30,11,592478
SEOUL,Siem Reap,indirect,18,30,12,587458
BUSAN,Siem Reap,indirect,17,26,9,380816
BUSAN,Siem Reap,indirect,17,27,10,380816
BUSAN,Siem Reap,indirect,20,30,10,386608
BUSAN,Siem Reap,indirect,18,29,11,309066
SEOUL,방콕,indirect,17,26,9,376724
SEOUL,방콕,indirect,18,27,9,390060
BUSAN,방콕,indirect,17,26,9,316608
BUSAN,방콕,indirect,18,27,9,322404
BUSAN,방콕,indirect,19,28,9,316188
BUSAN,방콕,indirect,20,29,9,362544
BUSAN,방콕,indirect,17,27,10,316608
BUSAN,방콕,indirect,18,28,10,322404
BUSAN,방콕,indirect,17,28,11,316608
BUSAN,방콕,indirect,18,29,11,322404
BUSAN,방콕,indirect,19,30,11,316188
BUSAN,방콕,indirect,17,29,12,316608
BUSAN,방콕,indirect,17,30,13,316608
BUSAN,방콕,indirect,17,25,8,316608
BUSAN,방콕,indirect,18,26,8,322404
BUSAN,방콕,indirect,17,26,9,316608
BUSAN,방콕,indirect,19,28,9,316188
BUSAN,방콕,indirect,17,27,10,316608
BUSAN,방콕,indirect,18,29,11,322404
BUSAN,방콕,indirect,19,30,11,316188
BUSAN,방콕,indirect,17,30,13,316608
SEOUL,HAWAI,direct,17,25,8,580959
SEOUL,HAWAI,indirect,17,25,8,466762
SEOUL,HAWAI,direct,20,28,8,554868
SEOUL,HAWAI,indirect,20,28,8,535268
SEOUL,HAWAI,direct,18,27,9,466761
SEOUL,HAWAI,indirect,18,27,9,466762
SEOUL,HAWAI,direct,21,30,9,681597
SEOUL,HAWAI,indirect,21,30,9,550472
SEOUL,HAWAI,direct,17,27,10,469936
SEOUL,HAWAI,indirect,17,27,10,466762
SEOUL,HAWAI,direct,18,28,10,470550
SEOUL,HAWAI,indirect,18,28,10,466762
SEOUL,HAWAI,direct,20,30,10,668803
SEOUL,HAWAI,indirect,20,30,10,535268
SEOUL,HAWAI,direct,17,28,11,466761
SEOUL,HAWAI,indirect,17,28,11,466762
SEOUL,HAWAI,direct,18,30,12,631328
SEOUL,HAWAI,indirect,18,30,12,466762
SEOUL,HAWAI,direct,17,30,13,678172
SEOUL,HAWAI,indirect,17,30,13,466762
SEOUL,MALE,indirect,17,25,8,779782
SEOUL,MALE,indirect,18,26,8,762792
SEOUL,MALE,indirect,19,27,8,514774
SEOUL,MALE,indirect,21,29,8,846270
SEOUL,MALE,indirect,17,26,9,779782
SEOUL,MALE,indirect,19,28,9,514774
SEOUL,MALE,indirect,20,29,9,779782
SEOUL,MALE,indirect,21,30,9,846270
SEOUL,MALE,indirect,19,29,10,514774
SEOUL,MALE,indirect,20,30,10,779782
SEOUL,MALE,indirect,19,30,11,514774
SEOUL,MALE,indirect,17,29,12,779782
SEOUL,SAIPAN,direct,17,25,8,378741
SEOUL,SAIPAN,indirect,17,25,8,221066
SEOUL,SAIPAN,direct,18,26,8,376772
SEOUL,SAIPAN,indirect,18,26,8,442818
SEOUL,SAIPAN,direct,19,27,8,347908
SEOUL,SAIPAN,indirect,19,27,8,442818
SEOUL,SAIPAN,direct,20,28,8,333822
SEOUL,SAIPAN,indirect,20,28,8,502826
SEOUL,SAIPAN,direct,21,29,8,397398
SEOUL,SAIPAN,indirect,21,29,8,562834
SEOUL,SAIPAN,direct,22,30,8,571330
SEOUL,SAIPAN,indirect,22,30,8,822868
SEOUL,SAIPAN,direct,17,26,9,371789
SEOUL,SAIPAN,indirect,17,26,9,221066
SEOUL,SAIPAN,direct,18,27,9,308519
SEOUL,SAIPAN,indirect,18,27,9,442818
SEOUL,SAIPAN,direct,19,28,9,299792
SEOUL,SAIPAN,indirect,19,28,9,442818
SEOUL,SAIPAN,direct,20,29,9,298696
SEOUL,SAIPAN,indirect,20,29,9,502826
SEOUL,SAIPAN,direct,21,30,9,404389
SEOUL,SAIPAN,indirect,21,30,9,562834
SEOUL,SAIPAN,direct,17,27,10,336038
SEOUL,SAIPAN,indirect,17,27,10,221066
SEOUL,SAIPAN,direct,18,28,10,284552
SEOUL,SAIPAN,indirect,18,28,10,442818
SEOUL,SAIPAN,direct,19,29,10,306941
SEOUL,SAIPAN,indirect,19,29,10,442818
SEOUL,SAIPAN,direct,20,30,10,345210
SEOUL,SAIPAN,indirect,20,30,10,502826
SEOUL,SAIPAN,direct,17,28,11,281001
SEOUL,SAIPAN,indirect,17,28,11,221066
SEOUL,SAIPAN,direct,18,29,11,289779
SEOUL,SAIPAN,indirect,18,29,11,442818
SEOUL,SAIPAN,direct,19,30,11,308522
SEOUL,SAIPAN,indirect,19,30,11,442818
SEOUL,SAIPAN,direct,17,29,12,300501
SEOUL,SAIPAN,indirect,17,29,12,221066
SEOUL,SAIPAN,direct,18,30,12,324836
SEOUL,SAIPAN,indirect,18,30,12,442818
SEOUL,SAIPAN,direct,17,30,13,448258
SEOUL,SAIPAN,indirect,17,30,13,221066
SEOUL,KOTIKINABALU,direct,17,25,8,467884
SEOUL,KOTIKINABALU,indirect,17,25,8,289286
SEOUL,KOTIKINABALU,direct,18,26,8,394037
SEOUL,KOTIKINABALU,indirect,18,26,8,274660
SEOUL,KOTIKINABALU,direct,19,27,8,354985
SEOUL,KOTIKINABALU,indirect,19,27,8,304368
SEOUL,KOTIKINABALU,direct,20,28,8,432007
SEOUL,KOTIKINABALU,indirect,20,28,8,309196
SEOUL,KOTIKINABALU,direct,21,29,8,503038
SEOUL,KOTIKINABALU,indirect,21,29,8,296178
SEOUL,KOTIKINABALU,direct,22,30,8,535425
SEOUL,KOTIKINABALU,indirect,22,30,8,384634
SEOUL,KOTIKINABALU,direct,17,26,9,394003
SEOUL,KOTIKINABALU,indirect,17,26,9,289286
SEOUL,KOTIKINABALU,direct,18,27,9,353492
SEOUL,KOTIKINABALU,indirect,18,27,9,274660
SEOUL,KOTIKINABALU,direct,19,28,9,385929
SEOUL,KOTIKINABALU,indirect,19,28,9,304368
SEOUL,KOTIKINABALU,direct,20,29,9,448150
SEOUL,KOTIKINABALU,indirect,20,29,9,309196
SEOUL,KOTIKINABALU,direct,21,30,9,507185
SEOUL,KOTIKINABALU,indirect,21,30,9,296178
SEOUL,KOTIKINABALU,direct,17,27,10,393887
SEOUL,KOTIKINABALU,indirect,17,27,10,289286
SEOUL,KOTIKINABALU,direct,18,28,10,373000
SEOUL,KOTIKINABALU,indirect,18,28,10,274660
SEOUL,KOTIKINABALU,direct,19,29,10,393595
SEOUL,KOTIKINABALU,indirect,19,29,10,304368
SEOUL,KOTIKINABALU,direct,20,30,10,467930
SEOUL,KOTIKINABALU,indirect,20,30,10,309196
SEOUL,KOTIKINABALU,direct,17,28,11,381112
SEOUL,KOTIKINABALU,indirect,17,28,11,289286
SEOUL,KOTIKINABALU,direct,18,29,11,387702
SEOUL,KOTIKINABALU,indirect,18,29,11,274660
SEOUL,KOTIKINABALU,indirect,19,30,11,304368
SEOUL,KOTIKINABALU,indirect,17,29,12,289286
SEOUL,KOTIKINABALU,indirect,18,30,12,274660
SEOUL,KOTIKINABALU,direct,17,30,13,409141
SEOUL,KOTIKINABALU,indirect,17,30,13,289286
BUSAN,SAIPAN,direct,19,27,8,187712
BUSAN,SAIPAN,direct,20,28,8,289458
BUSAN,SAIPAN,direct,21,29,8,544206
BUSAN,SAIPAN,direct,22,30,8,359716
BUSAN,SAIPAN,direct,20,29,9,244099
BUSAN,SAIPAN,direct,19,29,10,273807
BUSAN,SAIPAN,direct,20,30,10,242752
BUSAN,SAIPAN,direct,18,29,11,253055
BUSAN,SAIPAN,direct,17,29,12,206973
BUSAN,KOTIKINABALU,direct,18,26,8,622866
BUSAN,KOTIKINABALU,indirect,18,26,8,335544
BUSAN,KOTIKINABALU,direct,20,28,8,612318
BUSAN,KOTIKINABALU,indirect,20,28,8,444658
BUSAN,KOTIKINABALU,direct,18,27,9,498266
BUSAN,KOTIKINABALU,indirect,18,27,9,335544
BUSAN,KOTIKINABALU,indirect,17,27,10,335544
BUSAN,KOTIKINABALU,indirect,18,28,10,335544
BUSAN,KOTIKINABALU,indirect,17,28,11,335544
SEOUL,시드니,indirect,17,25,8,686904
SEOUL,시드니,indirect,18,26,8,692800
SEOUL,시드니,indirect,19,27,8,742152
SEOUL,시드니,indirect,20,28,8,742152
SEOUL,시드니,indirect,21,29,8,726534
SEOUL,시드니,indirect,22,30,8,808638
SEOUL,시드니,indirect,17,26,9,686904
SEOUL,시드니,indirect,18,27,9,692800
SEOUL,시드니,indirect,19,28,9,742152
SEOUL,시드니,indirect,20,29,9,742152
SEOUL,시드니,indirect,21,30,9,726534
SEOUL,시드니,indirect,17,27,10,686904
SEOUL,시드니,indirect,18,28,10,692800
SEOUL,시드니,indirect,19,29,10,742152
SEOUL,시드니,indirect,20,30,10,742152
SEOUL,시드니,indirect,17,28,11,686904
SEOUL,시드니,indirect,18,29,11,692800
SEOUL,시드니,indirect,19,30,11,742152
SEOUL,시드니,indirect,17,29,12,686904
SEOUL,시드니,indirect,18,30,12,692800
SEOUL,시드니,indirect,17,30,13,686904
BUSAN,시드니,indirect,17,25,8,656042
BUSAN,시드니,indirect,18,26,8,672588
BUSAN,시드니,indirect,20,28,8,695234
BUSAN,시드니,indirect,21,29,8,649796
BUSAN,시드니,indirect,22,30,8,720996
BUSAN,시드니,indirect,17,26,9,656042
BUSAN,시드니,indirect,19,28,9,717524
BUSAN,시드니,indirect,20,29,9,695234
BUSAN,시드니,indirect,21,30,9,649796
BUSAN,시드니,indirect,17,27,10,656042
BUSAN,시드니,indirect,18,28,10,672588
BUSAN,시드니,indirect,19,29,10,717524
BUSAN,시드니,indirect,20,30,10,695234
BUSAN,시드니,indirect,17,28,11,656042
BUSAN,시드니,indirect,18,29,11,672588
BUSAN,시드니,indirect,19,30,11,717524
BUSAN,시드니,indirect,17,30,13,656042
SEOUL,시드니,indirect,17,25,8,686904
SEOUL,시드니,indirect,18,26,8,692800
SEOUL,시드니,indirect,19,27,8,742152
SEOUL,시드니,indirect,20,28,8,742152
SEOUL,시드니,indirect,21,29,8,726534
SEOUL,시드니,indirect,22,30,8,808638
SEOUL,시드니,indirect,17,26,9,686904
SEOUL,시드니,indirect,18,27,9,692800
SEOUL,시드니,indirect,19,28,9,742152
SEOUL,시드니,indirect,20,29,9,742152
SEOUL,시드니,indirect,21,30,9,726534
SEOUL,시드니,indirect,17,27,10,686904
SEOUL,시드니,indirect,18,28,10,692800
SEOUL,시드니,indirect,19,29,10,742152
SEOUL,시드니,indirect,20,30,10,742152
SEOUL,시드니,indirect,17,28,11,686904
SEOUL,시드니,indirect,18,29,11,692800
SEOUL,시드니,indirect,19,30,11,742152
SEOUL,시드니,indirect,17,29,12,686904
SEOUL,시드니,indirect,18,30,12,692800
SEOUL,시드니,indirect,17,30,13,686904
BUSAN,시드니,indirect,17,25,8,656042
BUSAN,시드니,indirect,18,26,8,672588
BUSAN,시드니,indirect,20,28,8,695234
BUSAN,시드니,indirect,21,29,8,649796
BUSAN,시드니,indirect,22,30,8,720996
BUSAN,시드니,indirect,17,26,9,656042
BUSAN,시드니,indirect,19,28,9,717524
BUSAN,시드니,indirect,20,29,9,695234
BUSAN,시드니,indirect,21,30,9,649796
BUSAN,시드니,indirect,17,27,10,656042
BUSAN,시드니,indirect,18,28,10,672588
BUSAN,시드니,indirect,19,29,10,717524
BUSAN,시드니,indirect,20,30,10,695234
BUSAN,시드니,indirect,17,28,11,656042
BUSAN,시드니,indirect,18,29,11,672588
BUSAN,시드니,indirect,19,30,11,717524
BUSAN,시드니,indirect,17,30,13,656042
